{
	"credit": "Made with Blockbench",
	"textures": {
		"0": "gun_ammo/old_laser_pistol",
		"particle": "gun_ammo/old_laser_pistol"
	},
	"elements": [
		{
			"from": [6.5, 0.5, 6.5],
			"to": [8, 3.5, 8.5],
			"rotation": {"angle": 0, "axis": "y", "origin": [0, 10, 0]},
			"faces": {
				"north": {"uv": [14.5, 0, 16, 3], "rotation": 180, "texture": "#0"},
				"east": {"uv": [13, 0, 16, 2], "rotation": 270, "texture": "#0"},
				"south": {"uv": [14.5, 0, 16, 3], "texture": "#0"},
				"west": {"uv": [13, 0, 16, 2], "rotation": 90, "texture": "#0"},
				"up": {"uv": [14.5, 0, 16, 2], "rotation": 180, "texture": "#0"},
				"down": {"uv": [14.5, 0, 16, 2], "texture": "#0"}
			}
		},
		{
			"from": [6.85, 3.5, 6.75],
			"to": [7.6, 4, 7.5],
			"rotation": {"angle": 0, "axis": "y", "origin": [0, 10, 0]},
			"faces": {
				"north": {"uv": [15, 4, 15.75, 4.5], "rotation": 180, "texture": "#0"},
				"east": {"uv": [15, 3, 15.5, 3.75], "rotation": 270, "texture": "#0"},
				"south": {"uv": [14, 4, 14.75, 4.5], "texture": "#0"},
				"west": {"uv": [15, 4, 15.5, 4.75], "rotation": 90, "texture": "#0"},
				"up": {"uv": [15, 3, 15.75, 3.75], "rotation": 180, "texture": "#0"},
				"down": {"uv": [14, 3, 14.75, 3.75], "texture": "#0"}
			}
		},
		{
			"from": [6.85, 3.5, 7.65],
			"to": [7.6, 3.75, 8.4],
			"rotation": {"angle": 0, "axis": "y", "origin": [0, 10, 0]},
			"faces": {
				"north": {"uv": [15, 4, 15.75, 4.25], "rotation": 180, "texture": "#0"},
				"east": {"uv": [15, 4, 15.25, 4.75], "rotation": 270, "texture": "#0"},
				"south": {"uv": [14, 3, 14.75, 3.25], "texture": "#0"},
				"west": {"uv": [15, 3, 15.25, 3.75], "rotation": 90, "texture": "#0"},
				"up": {"uv": [15, 3, 15.75, 3.75], "rotation": 180, "texture": "#0"},
				"down": {"uv": [14, 4, 14.75, 4.75], "texture": "#0"}
			}
		},
		{
			"from": [6.75, 0, 6.75],
			"to": [7.75, 0.5, 8.25],
			"rotation": {"angle": 0, "axis": "y", "origin": [0, 10, 0]},
			"faces": {
				"north": {"uv": [14, 3, 15, 3.5], "rotation": 180, "texture": "#0"},
				"east": {"uv": [14, 3, 14.5, 4.5], "rotation": 270, "texture": "#0"},
				"south": {"uv": [15, 4, 16, 4.5], "texture": "#0"},
				"west": {"uv": [15.5, 3, 16, 4.5], "rotation": 90, "texture": "#0"},
				"up": {"uv": [15, 3, 16, 4.5], "rotation": 180, "texture": "#0"},
				"down": {"uv": [14, 3, 15, 4.5], "texture": "#0"}
			}
		}
	],
	"display": {
		"thirdperson_righthand": {
			"translation": [0, 4.25, 0.75],
			"scale": [0.75, 0.75, 0.75]
		},
		"thirdperson_lefthand": {
			"translation": [0, 4.25, 0.75],
			"scale": [0.75, 0.75, 0.75]
		},
		"firstperson_righthand": {
			"translation": [1.5, 8.75, 3.25]
		},
		"firstperson_lefthand": {
			"translation": [1.5, 8.75, 3.25]
		},
		"ground": {
			"translation": [0.25, 3.25, 0.75],
			"scale": [0.75, 0.75, 0.75]
		},
		"gui": {
			"rotation": [21, 133, 0],
			"translation": [0.25, 7.5, 0],
			"scale": [1.5, 1.5, 1.5]
		},
		"head": {
			"translation": [0, -2, 0]
		},
		"fixed": {
			"rotation": [0, -90, 0],
			"translation": [-0.5, 7.25, 1.25],
			"scale": [1.2, 1.2, 1.2]
		}
	}
}