{
    "condition": "minecraft:any_of",
    "terms": [
      {
        "condition": "minecraft:entity_properties",
        "entity": "this",
        "predicate": {
          "slots": {
            "container.*": {
              "items": "minecraft:barrier",
              "custom_data": "{tp_shrine:{kill:1b}}"
            }
          }
        }
      },
      {
        "condition": "minecraft:entity_properties",
        "entity": "this",
        "predicate": {
          "slots": {
            "player.cursor": {
              "items": "minecraft:barrier",
              "custom_data": "{tp_shrine:{kill:1b}}"
            }
          }
        }
      }
    ]
}
  