{
	"credit": "Made with Blockbench",
	"textures": {
		"1": "gun_ammo/bazooka"
	},
	"elements": [
		{
			"name": "shaft2",
			"from": [7, 2, 14],
			"to": [9, 4, 22],
			"rotation": {"angle": 0, "axis": "y", "origin": [7, 2, 14]},
			"faces": {
				"north": {"uv": [14, 14, 16, 16], "texture": "#1"},
				"east": {"uv": [8, 14, 16, 16], "texture": "#1"},
				"south": {"uv": [14, 14, 16, 16], "texture": "#1"},
				"west": {"uv": [8, 14, 16, 16], "texture": "#1"},
				"up": {"uv": [14, 0, 16, 8], "texture": "#1"},
				"down": {"uv": [14, 0, 16, 8], "texture": "#1"}
			}
		},
		{
			"name": "brace",
			"from": [6.75, 1.75, 13],
			"to": [9.25, 4.25, 14],
			"rotation": {"angle": 0, "axis": "y", "origin": [7, 2, 6]},
			"faces": {
				"north": {"uv": [0, 0, 2.5, 2.5], "texture": "#1"},
				"east": {"uv": [0, 0, 1, 2.5], "texture": "#1"},
				"south": {"uv": [0, 0, 2.5, 2.5], "texture": "#1"},
				"west": {"uv": [0, 0, 1, 2.5], "texture": "#1"},
				"up": {"uv": [0, 0, 2.5, 1], "texture": "#1"},
				"down": {"uv": [0, 0, 2.5, 1], "texture": "#1"}
			}
		},
		{
			"name": "shaft1",
			"from": [7, 2, 5],
			"to": [9, 4, 13],
			"rotation": {"angle": 0, "axis": "y", "origin": [7, 2, 5]},
			"faces": {
				"north": {"uv": [14, 14, 16, 16], "texture": "#1"},
				"east": {"uv": [8, 14, 16, 16], "texture": "#1"},
				"south": {"uv": [14, 14, 16, 16], "texture": "#1"},
				"west": {"uv": [8, 14, 16, 16], "texture": "#1"},
				"up": {"uv": [14, 0, 16, 8], "texture": "#1"},
				"down": {"uv": [14, 0, 16, 8], "texture": "#1"}
			}
		},
		{
			"name": "head4",
			"from": [7, 2, 4],
			"to": [9, 4, 5],
			"rotation": {"angle": 0, "axis": "y", "origin": [7, 2, -3]},
			"faces": {
				"north": {"uv": [0, 0, 2, 2], "texture": "#1"},
				"east": {"uv": [0, 0, 1, 2], "texture": "#1"},
				"south": {"uv": [0, 0, 2, 2], "texture": "#1"},
				"west": {"uv": [0, 0, 1, 2], "texture": "#1"},
				"up": {"uv": [0, 0, 2, 1], "texture": "#1"},
				"down": {"uv": [0, 0, 2, 1], "texture": "#1"}
			}
		},
		{
			"name": "head3",
			"from": [6.5, 1.5, 3],
			"to": [9.5, 4.5, 4],
			"rotation": {"angle": 0, "axis": "y", "origin": [7, 2, -3]},
			"faces": {
				"north": {"uv": [0, 0, 3, 3], "texture": "#1"},
				"east": {"uv": [0, 0, 1, 3], "texture": "#1"},
				"south": {"uv": [0, 0, 3, 3], "texture": "#1"},
				"west": {"uv": [0, 0, 1, 3], "texture": "#1"},
				"up": {"uv": [0, 0, 3, 1], "texture": "#1"},
				"down": {"uv": [0, 0, 3, 1], "texture": "#1"}
			}
		},
		{
			"name": "head2",
			"from": [6, 1, -1],
			"to": [10, 5, 3],
			"rotation": {"angle": 0, "axis": "y", "origin": [7, 2, -3]},
			"faces": {
				"north": {"uv": [4, 4, 8, 8], "texture": "#1"},
				"east": {"uv": [4, 4, 8, 8], "texture": "#1"},
				"south": {"uv": [4, 4, 8, 8], "texture": "#1"},
				"west": {"uv": [4, 4, 8, 8], "texture": "#1"},
				"up": {"uv": [4, 4, 8, 8], "texture": "#1"},
				"down": {"uv": [4, 4, 8, 8], "texture": "#1"}
			}
		},
		{
			"name": "head1",
			"from": [6.5, 1.5, -2],
			"to": [9.5, 4.5, -1],
			"rotation": {"angle": 0, "axis": "y", "origin": [7, 2, -8]},
			"faces": {
				"north": {"uv": [0, 0, 3, 3], "texture": "#1"},
				"east": {"uv": [0, 0, 1, 3], "texture": "#1"},
				"south": {"uv": [0, 0, 3, 3], "texture": "#1"},
				"west": {"uv": [0, 0, 1, 3], "texture": "#1"},
				"up": {"uv": [0, 0, 3, 1], "texture": "#1"},
				"down": {"uv": [0, 0, 3, 1], "texture": "#1"}
			}
		}
	],
	"display": {
		"thirdperson_righthand": {
			"rotation": [90, 0, 0],
			"translation": [0, -1.5, 4.25],
			"scale": [0.55, 0.55, 0.55]
		},
		"thirdperson_lefthand": {
			"rotation": [90, 0, 0],
			"translation": [0, -1.5, 4.25],
			"scale": [0.55, 0.55, 0.55]
		},
		"firstperson_righthand": {
			"rotation": [100, 0, 0],
			"translation": [8.5, 1.5, 0]
		},
		"firstperson_lefthand": {
			"rotation": [100, 0, 0],
			"translation": [8.5, 1.5, 0]
		},
		"ground": {
			"rotation": [0, 0, -90],
			"translation": [4.25, -0.5, -1.25],
			"scale": [0.75, 0.75, 0.75]
		},
		"gui": {
			"rotation": [47, 37, 0],
			"translation": [-1.25, 4.5, 0]
		},
		"head": {
			"rotation": [26, 0, 0],
			"translation": [0, 11.75, -7.25]
		},
		"fixed": {
			"rotation": [-90, -125, 0],
			"translation": [1.25, -0.5, -4.25],
			"scale": [0.95, 0.95, 0.95]
		}
	}
}