{
	"credit": "Made with Blockbench",
	"textures": {
		"0": "gun_ammo/nes_zapper2",
		"particle": "gun_ammo/nes_zapper2"
	},
	"elements": [
		{
			"from": [7.26, 7.35, 10.25],
			"to": [8.76, 8.3, 13],
			"rotation": {"angle": 0, "axis": "y", "origin": [7, 7.3, 11]},
			"faces": {
				"north": {"uv": [14.5, 15, 16, 15.95], "texture": "#0"},
				"east": {"uv": [13.25, 15, 16, 15.95], "texture": "#0"},
				"south": {"uv": [13.5, 15, 15, 15.95], "texture": "#0"},
				"west": {"uv": [13.25, 15, 16, 15.95], "texture": "#0"},
				"up": {"uv": [14.5, 13.25, 16, 16], "texture": "#0"},
				"down": {"uv": [14.5, 13.25, 16, 16], "texture": "#0"}
			}
		},
		{
			"from": [7.36, 6.85, 10.25],
			"to": [8.66, 7.4, 12.8],
			"rotation": {"angle": 0, "axis": "y", "origin": [7, 7.3, 11]},
			"faces": {
				"north": {"uv": [0, 0, 1.3, 0.55], "texture": "#0"},
				"east": {"uv": [0, 0, 2.55, 0.55], "texture": "#0"},
				"south": {"uv": [0, 0, 1.3, 0.55], "texture": "#0"},
				"west": {"uv": [0, 0, 2.55, 0.55], "texture": "#0"},
				"up": {"uv": [0, 0, 1.3, 2.55], "texture": "#0"},
				"down": {"uv": [0, 0, 1.3, 2.55], "texture": "#0"}
			}
		},
		{
			"from": [7.61, 8.13, 11.87],
			"to": [8.41, 8.38, 12.62],
			"rotation": {"angle": 45, "axis": "x", "origin": [8.01, 8.025, 12.325]},
			"faces": {
				"north": {"uv": [0, 0, 0.8, 0.25], "texture": "#0"},
				"east": {"uv": [0, 0, 0.75, 0.25], "texture": "#0"},
				"south": {"uv": [0, 0, 0.8, 0.25], "texture": "#0"},
				"west": {"uv": [0, 0, 0.75, 0.25], "texture": "#0"},
				"up": {"uv": [0, 0, 0.8, 0.75], "texture": "#0"},
				"down": {"uv": [0, 0, 0.8, 0.75], "texture": "#0"}
			}
		},
		{
			"from": [8.11, 7.83, 11.37],
			"to": [8.21, 8.38, 11.87],
			"rotation": {"angle": 45, "axis": "x", "origin": [8.01, 8.025, 12.325]},
			"faces": {
				"north": {"uv": [0, 0, 0.1, 0.55], "texture": "#0"},
				"east": {"uv": [0, 1, 0.5, 1.55], "texture": "#0"},
				"south": {"uv": [0, 0, 0.1, 0.55], "texture": "#0"},
				"west": {"uv": [0, 1, 0.5, 1.55], "texture": "#0"},
				"up": {"uv": [0, 1, 0.1, 1.5], "texture": "#0"},
				"down": {"uv": [0, 0, 0.1, 0.5], "texture": "#0"}
			}
		},
		{
			"from": [7.81, 7.83, 11.37],
			"to": [7.91, 8.38, 11.87],
			"rotation": {"angle": 45, "axis": "x", "origin": [8.01, 8.025, 12.325]},
			"faces": {
				"north": {"uv": [0, 0, 0.1, 0.55], "texture": "#0"},
				"east": {"uv": [0, 0, 0.5, 0.55], "texture": "#0"},
				"south": {"uv": [0, 0, 0.1, 0.55], "texture": "#0"},
				"west": {"uv": [0, 2, 0.5, 2.55], "texture": "#0"},
				"up": {"uv": [0, 0, 0.1, 0.5], "texture": "#0"},
				"down": {"uv": [0, 0, 0.1, 0.5], "texture": "#0"}
			}
		},
		{
			"from": [7.25, 6.3, 5],
			"to": [8.75, 7.65, 10.75],
			"rotation": {"angle": 0, "axis": "y", "origin": [7, 7, 11]},
			"faces": {
				"north": {"uv": [14.5, 14.65, 16, 16], "texture": "#0"},
				"east": {"uv": [10.25, 14.65, 16, 16], "texture": "#0"},
				"south": {"uv": [14.5, 14.65, 16, 16], "texture": "#0"},
				"west": {"uv": [10.25, 14.65, 16, 16], "texture": "#0"},
				"up": {"uv": [14.5, 10.25, 16, 16], "texture": "#0"},
				"down": {"uv": [14.5, 10.25, 16, 16], "texture": "#0"}
			}
		},
		{
			"from": [7.75, 5.05, 9.7],
			"to": [8.25, 6.4, 11.2],
			"rotation": {"angle": 0, "axis": "y", "origin": [7, 7, 10.7]},
			"faces": {
				"north": {"uv": [13, 0, 13.5, 1.35], "texture": "#0"},
				"east": {"uv": [13, 0, 14.5, 1.35], "texture": "#0"},
				"south": {"uv": [13, 0, 13.5, 1.35], "texture": "#0"},
				"west": {"uv": [13, 0, 14.5, 1.35], "texture": "#0"},
				"up": {"uv": [13, 0, 13.5, 1.5], "texture": "#0"},
				"down": {"uv": [13, 0, 13.5, 1.5], "texture": "#0"}
			}
		},
		{
			"from": [7.75, 6.55, 0.5],
			"to": [8.25, 7.05, 5.5],
			"rotation": {"angle": 0, "axis": "y", "origin": [7, 6.3, 10.5]},
			"faces": {
				"north": {"uv": [0, 0, 0.5, 0.5], "texture": "#0"},
				"east": {"uv": [0, 0, 5, 0.5], "texture": "#0"},
				"south": {"uv": [0, 0, 0.5, 0.5], "texture": "#0"},
				"west": {"uv": [0, 0, 5, 0.5], "texture": "#0"},
				"up": {"uv": [0, 0, 0.5, 5], "texture": "#0"},
				"down": {"uv": [0, 4, 0.5, 9], "texture": "#0"}
			}
		},
		{
			"from": [7.75, 8.13, -0.41],
			"to": [8.25, 8.63, 1.34],
			"rotation": {"angle": 22.5, "axis": "x", "origin": [8, 8.36517, 0.03483]},
			"faces": {
				"north": {"uv": [0, 0, 0.5, 0.5], "texture": "#0"},
				"east": {"uv": [0, 0, 1.75, 0.5], "texture": "#0"},
				"south": {"uv": [0, 0, 0.5, 0.5], "texture": "#0"},
				"west": {"uv": [0, 0, 1.75, 0.5], "texture": "#0"},
				"up": {"uv": [0, 0, 0.5, 1.75], "texture": "#0"},
				"down": {"uv": [0, 0, 0.5, 1.75], "texture": "#0"}
			}
		},
		{
			"from": [7.75, 7.15, -0.75],
			"to": [8.25, 8.15, -0.15],
			"rotation": {"angle": 45, "axis": "x", "origin": [8, 7.9, 0.25]},
			"faces": {
				"north": {"uv": [0, 0, 0.5, 1], "texture": "#0"},
				"east": {"uv": [0, 0, 0.6, 1], "texture": "#0"},
				"south": {"uv": [0, 0, 0.5, 1], "texture": "#0"},
				"west": {"uv": [0, 0, 0.6, 1], "texture": "#0"},
				"up": {"uv": [0, 0, 0.5, 0.6], "texture": "#0"},
				"down": {"uv": [0, 0, 0.5, 0.6], "texture": "#0"}
			}
		},
		{
			"from": [7.25, 7.55, 8.4],
			"to": [8.75, 8.55, 8.65],
			"rotation": {"angle": 22.5, "axis": "x", "origin": [8, 8.15, 8.525]},
			"faces": {
				"north": {"uv": [10.5, 15, 12, 16], "texture": "#0"},
				"east": {"uv": [11.25, 15, 11.5, 16], "texture": "#0"},
				"south": {"uv": [14.5, 15, 16, 16], "texture": "#0"},
				"west": {"uv": [12.25, 15, 12.5, 16], "texture": "#0"},
				"up": {"uv": [14.5, 13.25, 16, 13.5], "texture": "#0"},
				"down": {"uv": [14.5, 13.25, 16, 13.5], "texture": "#0"}
			}
		},
		{
			"from": [7.35, 7.55, 9.1],
			"to": [8.65, 8.35, 9.45],
			"rotation": {"angle": 22.5, "axis": "x", "origin": [8, 8.15, 9.325]},
			"faces": {
				"north": {"uv": [14.5, 15, 15.8, 15.8], "texture": "#0"},
				"east": {"uv": [12.25, 15, 12.6, 15.8], "texture": "#0"},
				"south": {"uv": [14.5, 15, 15.8, 15.8], "texture": "#0"},
				"west": {"uv": [11.25, 15, 11.6, 15.8], "texture": "#0"},
				"up": {"uv": [14.5, 13.25, 15.8, 13.6], "texture": "#0"},
				"down": {"uv": [14.5, 13.25, 15.8, 13.6], "texture": "#0"}
			}
		},
		{
			"from": [7.25, 7.55, 8.9],
			"to": [8.75, 8.55, 9.15],
			"rotation": {"angle": 22.5, "axis": "x", "origin": [8, 8.15, 9.025]},
			"faces": {
				"north": {"uv": [11.5, 14, 13, 15], "texture": "#0"},
				"east": {"uv": [11.25, 15, 11.5, 16], "texture": "#0"},
				"south": {"uv": [14.5, 15, 16, 16], "texture": "#0"},
				"west": {"uv": [13.25, 15, 13.5, 16], "texture": "#0"},
				"up": {"uv": [14.5, 13.25, 16, 13.5], "texture": "#0"},
				"down": {"uv": [14.5, 13.25, 16, 13.5], "texture": "#0"}
			}
		},
		{
			"from": [7.35, 7.55, 9.6],
			"to": [8.65, 8.35, 9.95],
			"rotation": {"angle": 22.5, "axis": "x", "origin": [8, 8.15, 9.825]},
			"faces": {
				"north": {"uv": [14.5, 15, 15.8, 15.8], "texture": "#0"},
				"east": {"uv": [12.25, 14, 12.6, 14.8], "texture": "#0"},
				"south": {"uv": [14.5, 15, 15.8, 15.8], "texture": "#0"},
				"west": {"uv": [13.25, 15, 13.6, 15.8], "texture": "#0"},
				"up": {"uv": [14.5, 13.25, 15.8, 13.6], "texture": "#0"},
				"down": {"uv": [14.5, 13.25, 15.8, 13.6], "texture": "#0"}
			}
		},
		{
			"from": [7.25, 7.55, 9.4],
			"to": [8.75, 8.55, 9.65],
			"rotation": {"angle": 22.5, "axis": "x", "origin": [8, 8.15, 9.525]},
			"faces": {
				"north": {"uv": [14.5, 14, 16, 15], "texture": "#0"},
				"east": {"uv": [15.25, 14, 15.5, 15], "texture": "#0"},
				"south": {"uv": [14.5, 15, 16, 16], "texture": "#0"},
				"west": {"uv": [10.25, 14, 10.5, 15], "texture": "#0"},
				"up": {"uv": [14.5, 13.25, 16, 13.5], "texture": "#0"},
				"down": {"uv": [14.5, 13.25, 16, 13.5], "texture": "#0"}
			}
		},
		{
			"from": [7.35, 7.55, 10.1],
			"to": [8.65, 8.25, 10.45],
			"rotation": {"angle": 22.5, "axis": "x", "origin": [8, 8.15, 10.325]},
			"faces": {
				"north": {"uv": [14.5, 15, 15.8, 15.7], "texture": "#0"},
				"east": {"uv": [13.25, 15, 13.6, 15.7], "texture": "#0"},
				"south": {"uv": [14.5, 15, 15.8, 15.7], "texture": "#0"},
				"west": {"uv": [13.25, 15, 13.6, 15.7], "texture": "#0"},
				"up": {"uv": [14.5, 13.25, 15.8, 13.6], "texture": "#0"},
				"down": {"uv": [14.5, 13.25, 15.8, 13.6], "texture": "#0"}
			}
		},
		{
			"from": [7.25, 7.55, 9.9],
			"to": [8.75, 8.55, 10.15],
			"rotation": {"angle": 22.5, "axis": "x", "origin": [8, 8.15, 10.025]},
			"faces": {
				"north": {"uv": [10.5, 14, 12, 15], "texture": "#0"},
				"east": {"uv": [13.25, 15, 13.5, 16], "texture": "#0"},
				"south": {"uv": [14.5, 15, 16, 16], "texture": "#0"},
				"west": {"uv": [14.25, 14, 14.5, 15], "texture": "#0"},
				"up": {"uv": [14.5, 13.25, 16, 13.5], "texture": "#0"},
				"down": {"uv": [14.5, 13.25, 16, 13.5], "texture": "#0"}
			}
		},
		{
			"from": [7.35, 7.55, 8.6],
			"to": [8.65, 8.35, 8.95],
			"rotation": {"angle": 22.5, "axis": "x", "origin": [8, 8.15, 8.825]},
			"faces": {
				"north": {"uv": [14.5, 15, 15.8, 15.8], "texture": "#0"},
				"east": {"uv": [13.25, 15, 13.6, 15.8], "texture": "#0"},
				"south": {"uv": [14.5, 15, 15.8, 15.8], "texture": "#0"},
				"west": {"uv": [13.25, 15, 13.6, 15.8], "texture": "#0"},
				"up": {"uv": [14.5, 13.25, 15.8, 13.6], "texture": "#0"},
				"down": {"uv": [14.5, 13.25, 15.8, 13.6], "texture": "#0"}
			}
		},
		{
			"from": [7.5, 1.7, 10.75],
			"to": [8.5, 7.3, 12.75],
			"rotation": {"angle": -22.5, "axis": "x", "origin": [8, 6.2, 11.7]},
			"faces": {
				"north": {"uv": [3, 3, 4, 8.6], "texture": "#0"},
				"east": {"uv": [3, 3, 5, 8.6], "texture": "#0"},
				"south": {"uv": [4, 3, 5, 8.6], "texture": "#0"},
				"west": {"uv": [3, 3, 5, 8.6], "texture": "#0"},
				"up": {"uv": [3, 3, 4, 5], "texture": "#0"},
				"down": {"uv": [4, 6, 5, 8], "texture": "#0"}
			}
		},
		{
			"name": "octagon",
			"from": [7.98579, 7.6, 10.25],
			"to": [8.41421, 8.6, 12.25],
			"rotation": {"angle": 45, "axis": "z", "origin": [8, 7.6, 11.25]},
			"faces": {
				"north": {"uv": [0, 0, 1, 1], "texture": "#0"},
				"east": {"uv": [0, 0, 1, 1], "texture": "#0"},
				"south": {"uv": [0, 0, 1, 1], "texture": "#0"},
				"west": {"uv": [0, 0, 1, 1], "texture": "#0"},
				"up": {"uv": [0, 4, 1, 6], "texture": "#0"},
				"down": {"uv": [0, 0, 1, 1], "texture": "#0"}
			}
		},
		{
			"name": "octagon",
			"from": [7.58579, 7.85, 10.25],
			"to": [8.41421, 8.6, 12.25],
			"rotation": {"angle": 0, "axis": "z", "origin": [8, 7.6, 11.25]},
			"faces": {
				"north": {"uv": [0, 0, 1, 1], "texture": "#0"},
				"east": {"uv": [0, 0, 1, 1], "texture": "#0"},
				"south": {"uv": [0, 0, 1, 1], "texture": "#0"},
				"west": {"uv": [0, 0, 1, 1], "texture": "#0"},
				"up": {"uv": [0, 0, 1, 2], "texture": "#0"},
				"down": {"uv": [0, 0, 1, 1], "texture": "#0"}
			}
		},
		{
			"name": "octagon",
			"from": [8, 7.58579, 10.25],
			"to": [9, 8.01421, 12.25],
			"rotation": {"angle": 45, "axis": "z", "origin": [8, 7.6, 11.25]},
			"faces": {
				"north": {"uv": [0, 0, 1, 1], "texture": "#0"},
				"east": {"uv": [5, 0, 7, 1], "texture": "#0"},
				"south": {"uv": [0, 0, 1, 1], "texture": "#0"},
				"west": {"uv": [0, 0, 1, 1], "texture": "#0"},
				"up": {"uv": [0, 0, 1, 1], "texture": "#0"},
				"down": {"uv": [0, 0, 1, 1], "texture": "#0"}
			}
		},
		{
			"name": "octagon",
			"from": [7.72041, 6.825, -1.5],
			"to": [8.27959, 7.075, 8.5],
			"rotation": {"angle": 45, "axis": "z", "origin": [8, 7.5, 7.5]},
			"faces": {
				"north": {"uv": [0, 0, 1, 1], "texture": "#0"},
				"east": {"uv": [0, 0, 1, 1], "texture": "#0"},
				"south": {"uv": [0, 0, 1, 1], "texture": "#0"},
				"west": {"uv": [0, 0, 1, 1], "texture": "#0"},
				"up": {"uv": [0, 0, 1, 1], "texture": "#0"},
				"down": {"uv": [0, 1, 1, 11], "texture": "#0"}
			}
		},
		{
			"name": "octagon",
			"from": [7.72041, 6.825, -1.5],
			"to": [8.27959, 7.075, 8.5],
			"rotation": {"angle": 0, "axis": "z", "origin": [8, 7.5, 7.5]},
			"faces": {
				"north": {"uv": [0, 0, 1, 1], "texture": "#0"},
				"east": {"uv": [0, 0, 1, 1], "texture": "#0"},
				"south": {"uv": [0, 0, 1, 1], "texture": "#0"},
				"west": {"uv": [0, 0, 1, 1], "texture": "#0"},
				"up": {"uv": [0, 0, 1, 1], "texture": "#0"},
				"down": {"uv": [0, 0, 1, 10], "texture": "#0"}
			}
		},
		{
			"name": "octagon",
			"from": [7.72041, 7.925, -1.5],
			"to": [8.27959, 8.175, 8.5],
			"rotation": {"angle": 45, "axis": "z", "origin": [8, 7.5, 7.5]},
			"faces": {
				"north": {"uv": [0, 0, 1, 1], "texture": "#0"},
				"east": {"uv": [0, 0, 1, 1], "texture": "#0"},
				"south": {"uv": [0, 0, 1, 1], "texture": "#0"},
				"west": {"uv": [0, 0, 1, 1], "texture": "#0"},
				"up": {"uv": [0, 0, 1, 10], "texture": "#0"},
				"down": {"uv": [0, 0, 1, 1], "texture": "#0"}
			}
		},
		{
			"name": "octagon",
			"from": [7.72041, 7.925, -1.5],
			"to": [8.27959, 8.175, 8.5],
			"rotation": {"angle": 0, "axis": "z", "origin": [8, 7.5, 7.5]},
			"faces": {
				"north": {"uv": [0, 0, 1, 1], "texture": "#0"},
				"east": {"uv": [0, 0, 1, 1], "texture": "#0"},
				"south": {"uv": [0, 0, 1, 1], "texture": "#0"},
				"west": {"uv": [0, 0, 1, 1], "texture": "#0"},
				"up": {"uv": [0, 3, 1, 13], "texture": "#0"},
				"down": {"uv": [0, 0, 1, 1], "texture": "#0"}
			}
		},
		{
			"name": "octagon",
			"from": [7.325, 7.22041, -1.5],
			"to": [7.575, 7.77959, 8.5],
			"rotation": {"angle": 45, "axis": "z", "origin": [8, 7.5, 7.5]},
			"faces": {
				"north": {"uv": [0, 0, 1, 1], "texture": "#0"},
				"east": {"uv": [0, 0, 1, 1], "texture": "#0"},
				"south": {"uv": [0, 0, 1, 1], "texture": "#0"},
				"west": {"uv": [1, 0, 11, 1], "texture": "#0"},
				"up": {"uv": [0, 0, 1, 1], "texture": "#0"},
				"down": {"uv": [0, 0, 1, 1], "texture": "#0"}
			}
		},
		{
			"name": "octagon",
			"from": [7.325, 7.22041, -1.5],
			"to": [7.575, 7.77959, 8.4],
			"rotation": {"angle": 0, "axis": "z", "origin": [8, 7.5, 7.5]},
			"faces": {
				"north": {"uv": [0, 0, 1, 1], "texture": "#0"},
				"east": {"uv": [0, 0, 1, 1], "texture": "#0"},
				"south": {"uv": [0, 0, 1, 1], "texture": "#0"},
				"west": {"uv": [2, 0, 12, 1], "texture": "#0"},
				"up": {"uv": [0, 0, 1, 1], "texture": "#0"},
				"down": {"uv": [0, 0, 1, 1], "texture": "#0"}
			}
		},
		{
			"name": "octagon",
			"from": [8.425, 7.22041, -1.5],
			"to": [8.675, 7.77959, 8.5],
			"rotation": {"angle": 45, "axis": "z", "origin": [8, 7.5, 7.5]},
			"faces": {
				"north": {"uv": [0, 0, 1, 1], "texture": "#0"},
				"east": {"uv": [1, 0, 11, 1], "texture": "#0"},
				"south": {"uv": [0, 0, 1, 1], "texture": "#0"},
				"west": {"uv": [0, 0, 1, 1], "texture": "#0"},
				"up": {"uv": [0, 0, 1, 1], "texture": "#0"},
				"down": {"uv": [0, 0, 1, 1], "texture": "#0"}
			}
		},
		{
			"name": "octagon",
			"from": [8.425, 7.22041, -1.5],
			"to": [8.675, 7.77959, 8.4],
			"rotation": {"angle": 0, "axis": "z", "origin": [8, 7.5, 7.5]},
			"faces": {
				"north": {"uv": [0, 0, 1, 1], "texture": "#0"},
				"east": {"uv": [2, 0, 12, 1], "texture": "#0"},
				"south": {"uv": [0, 0, 1, 1], "texture": "#0"},
				"west": {"uv": [0, 0, 1, 1], "texture": "#0"},
				"up": {"uv": [0, 0, 1, 1], "texture": "#0"},
				"down": {"uv": [0, 0, 1, 1], "texture": "#0"}
			}
		},
		{
			"name": "octagon",
			"from": [7.74112, 6.875, -1],
			"to": [8.25888, 8.125, -1],
			"rotation": {"angle": 45, "axis": "z", "origin": [8, 7.5, 0]},
			"faces": {
				"north": {"uv": [15, 0, 16, 1], "texture": "#0"},
				"east": {"uv": [15, 0, 16, 1], "texture": "#0"},
				"south": {"uv": [15, 0, 16, 1], "texture": "#0"},
				"west": {"uv": [15, 0, 16, 1], "texture": "#0"},
				"up": {"uv": [15, 0, 16, 1], "texture": "#0"},
				"down": {"uv": [15, 0, 16, 1], "texture": "#0"}
			}
		},
		{
			"name": "octagon",
			"from": [7.74112, 6.875, -1],
			"to": [8.25888, 8.125, -1],
			"rotation": {"angle": 0, "axis": "z", "origin": [8, 7.5, 0]},
			"faces": {
				"north": {"uv": [15, 0, 16, 1], "texture": "#0"},
				"east": {"uv": [15, 0, 16, 1], "texture": "#0"},
				"south": {"uv": [15, 0, 16, 1], "texture": "#0"},
				"west": {"uv": [15, 0, 16, 1], "texture": "#0"},
				"up": {"uv": [15, 0, 16, 1], "texture": "#0"},
				"down": {"uv": [15, 0, 16, 1], "texture": "#0"}
			}
		},
		{
			"name": "octagon",
			"from": [7.375, 7.24112, -1],
			"to": [8.625, 7.75888, -1],
			"rotation": {"angle": 45, "axis": "z", "origin": [8, 7.5, 0]},
			"faces": {
				"north": {"uv": [15, 0, 16, 1], "texture": "#0"},
				"east": {"uv": [15, 0, 16, 1], "texture": "#0"},
				"south": {"uv": [15, 0, 16, 1], "texture": "#0"},
				"west": {"uv": [15, 0, 16, 1], "texture": "#0"},
				"up": {"uv": [15, 0, 16, 1], "texture": "#0"},
				"down": {"uv": [15, 0, 16, 1], "texture": "#0"}
			}
		},
		{
			"name": "octagon",
			"from": [7.375, 7.24112, -1],
			"to": [8.625, 7.75888, -1],
			"rotation": {"angle": 0, "axis": "z", "origin": [8, 7.5, 0]},
			"faces": {
				"north": {"uv": [15, 0, 16, 1], "texture": "#0"},
				"east": {"uv": [15, 0, 16, 1], "texture": "#0"},
				"south": {"uv": [15, 0, 16, 1], "texture": "#0"},
				"west": {"uv": [15, 0, 16, 1], "texture": "#0"},
				"up": {"uv": [15, 0, 16, 1], "texture": "#0"},
				"down": {"uv": [15, 0, 16, 1], "texture": "#0"}
			}
		}
	],
	"display": {
		"thirdperson_righthand": {
			"translation": [0, 1.75, -1.25]
		},
		"thirdperson_lefthand": {
			"translation": [0, 1.75, -1.25]
		},
		"firstperson_righthand": {
			"translation": [-9, 5.75, 0.5]
		},
		"firstperson_lefthand": {
			"translation": [-9, 5.75, 0.5]
		},
		"ground": {
			"rotation": [0, 0, -90],
			"translation": [1, -2.75, 1]
		},
		"gui": {
			"rotation": [20, 125, 0],
			"translation": [1.25, 0, 0]
		},
		"head": {
			"translation": [0, 0, -7.75]
		},
		"fixed": {
			"rotation": [0, -90, 0]
		}
	},
	"groups": [
		0,
		1,
		2,
		3,
		4,
		5,
		6,
		7,
		8,
		9,
		10,
		11,
		12,
		13,
		14,
		15,
		16,
		17,
		18,
		{
			"name": "octagon",
			"origin": [8, 8, 8],
			"color": 0,
			"children": [19, 20, 21]
		},
		{
			"name": "octagon",
			"origin": [8, 8, 8],
			"color": 0,
			"children": [22, 23, 24, 25, 26, 27, 28, 29]
		},
		{
			"name": "octagon",
			"origin": [8, 8, 8],
			"color": 0,
			"children": [30, 31, 32, 33]
		}
	]
}