{
  "parent": "item/generated",
  "textures": {
    "layer0": "item/barrier"
  },
  "overrides": [
    {"predicate": {"custom_model_data":819291}, "model": "tp_shrines:item/gui/red"},
    {"predicate": {"custom_model_data":819292}, "model": "tp_shrines:item/gui/blue"},
    {"predicate": {"custom_model_data":819293}, "model": "tp_shrines:item/gui/green"},
    {"predicate": {"custom_model_data":819294}, "model": "tp_shrines:item/gui/yellow"},
    {"predicate": {"custom_model_data":819295}, "model": "tp_shrines:item/gui/purple"},
    {"predicate": {"custom_model_data":819296}, "model": "tp_shrines:item/gui/background"}
  ]
}