{
	"credit": "Made with Blockbench",
	"textures": {
		"0": "gun_ammo/barrett_m82",
		"particle": "gun_ammo/barrett_m82"
	},
	"elements": [
		{
			"from": [7.25, 3, 12],
			"to": [8.75, 5, 18],
			"rotation": {"angle": 0, "axis": "y", "origin": [4, 1, 10]},
			"faces": {
				"north": {"uv": [0, 0, 3, 4], "texture": "#0"},
				"east": {"uv": [0, 0, 12, 4], "texture": "#0"},
				"south": {"uv": [0, 0, 3, 4], "texture": "#0"},
				"west": {"uv": [0, 0, 12, 4], "texture": "#0"},
				"up": {"uv": [0, 0, 3, 12], "texture": "#0"},
				"down": {"uv": [0, 0, 3, 12], "texture": "#0"}
			}
		},
		{
			"from": [7.25, 0.25, 17],
			"to": [8.75, 3, 18],
			"rotation": {"angle": 0, "axis": "y", "origin": [4, 1, 10]},
			"faces": {
				"north": {"uv": [0, 0, 3, 5.5], "texture": "#0"},
				"east": {"uv": [0, 0, 2, 5.5], "texture": "#0"},
				"south": {"uv": [0, 0, 3, 5.5], "texture": "#0"},
				"west": {"uv": [0, 0, 2, 5.5], "texture": "#0"},
				"up": {"uv": [0, 0, 3, 2], "texture": "#0"},
				"down": {"uv": [0, 0, 3, 2], "texture": "#0"}
			}
		},
		{
			"from": [7.5, 1.5, 14.5],
			"to": [8.5, 3, 15],
			"rotation": {"angle": 0, "axis": "y", "origin": [4, 1, 10]},
			"faces": {
				"north": {"uv": [13, 13, 15, 16], "texture": "#0"},
				"east": {"uv": [12, 13, 13, 16], "texture": "#0"},
				"south": {"uv": [12, 13, 14, 16], "texture": "#0"},
				"west": {"uv": [13, 13, 14, 16], "texture": "#0"},
				"up": {"uv": [12, 14, 14, 15], "texture": "#0"},
				"down": {"uv": [13, 15, 15, 16], "texture": "#0"}
			}
		},
		{
			"from": [7.5, 1.45, 14.8],
			"to": [8.5, 1.95, 17.8],
			"rotation": {"angle": 22.5, "axis": "x", "origin": [8, 2.25, 14.75]},
			"faces": {
				"north": {"uv": [13, 14, 15, 15], "rotation": 180, "texture": "#0"},
				"east": {"uv": [15, 10, 16, 16], "rotation": 90, "texture": "#0"},
				"south": {"uv": [12, 15, 14, 16], "texture": "#0"},
				"west": {"uv": [15, 10, 16, 16], "rotation": 270, "texture": "#0"},
				"up": {"uv": [14, 10, 16, 16], "texture": "#0"},
				"down": {"uv": [14, 10, 16, 16], "rotation": 180, "texture": "#0"}
			}
		},
		{
			"from": [7, 3.75, 12],
			"to": [8, 4.75, 18],
			"rotation": {"angle": -22.5, "axis": "z", "origin": [7.75, 4.25, 16.5]},
			"faces": {
				"north": {"uv": [0, 0, 2, 2], "texture": "#0"},
				"east": {"uv": [0, 0, 12, 2], "texture": "#0"},
				"south": {"uv": [0, 0, 2, 2], "texture": "#0"},
				"west": {"uv": [3, 0, 15, 2], "texture": "#0"},
				"up": {"uv": [0, 0, 2, 12], "texture": "#0"},
				"down": {"uv": [0, 0, 2, 12], "texture": "#0"}
			}
		},
		{
			"from": [8, 3.75, 12],
			"to": [9, 4.75, 18],
			"rotation": {"angle": 22.5, "axis": "z", "origin": [8.25, 4.25, 16.5]},
			"faces": {
				"north": {"uv": [0, 0, 2, 2], "texture": "#0"},
				"east": {"uv": [3, 0, 15, 2], "texture": "#0"},
				"south": {"uv": [0, 0, 2, 2], "texture": "#0"},
				"west": {"uv": [0, 0, 12, 2], "texture": "#0"},
				"up": {"uv": [0, 0, 2, 12], "texture": "#0"},
				"down": {"uv": [0, 0, 2, 12], "texture": "#0"}
			}
		},
		{
			"from": [8, 3.25, 12],
			"to": [9, 4.25, 18],
			"rotation": {"angle": -22.5, "axis": "z", "origin": [8.25, 3.75, 16.5]},
			"faces": {
				"north": {"uv": [0, 0, 2, 2], "texture": "#0"},
				"east": {"uv": [1, 0, 13, 2], "texture": "#0"},
				"south": {"uv": [0, 0, 2, 2], "texture": "#0"},
				"west": {"uv": [0, 0, 12, 2], "texture": "#0"},
				"up": {"uv": [0, 0, 2, 12], "texture": "#0"},
				"down": {"uv": [0, 0, 2, 12], "texture": "#0"}
			}
		},
		{
			"from": [7, 3.25, 12],
			"to": [8, 4.25, 18],
			"rotation": {"angle": 22.5, "axis": "z", "origin": [7.75, 3.75, 16.5]},
			"faces": {
				"north": {"uv": [0, 2, 2, 4], "texture": "#0"},
				"east": {"uv": [0, 0, 12, 2], "texture": "#0"},
				"south": {"uv": [0, 2, 2, 4], "texture": "#0"},
				"west": {"uv": [1, 0, 13, 2], "texture": "#0"},
				"up": {"uv": [0, 0, 2, 12], "texture": "#0"},
				"down": {"uv": [0, 0, 2, 12], "texture": "#0"}
			}
		},
		{
			"from": [6.85, 3.925, 12],
			"to": [9.15, 4.075, 18],
			"rotation": {"angle": 0, "axis": "y", "origin": [4, 1, 10]},
			"faces": {
				"north": {"uv": [0, 0, 4.6, 0.3], "texture": "#0"},
				"east": {"uv": [0, 0, 12, 0.3], "texture": "#0"},
				"south": {"uv": [0, 0, 4.6, 0.3], "texture": "#0"},
				"west": {"uv": [0, 0, 12, 0.3], "texture": "#0"},
				"up": {"uv": [0, 0, 4.6, 12], "texture": "#0"},
				"down": {"uv": [0, 0, 4.6, 12], "texture": "#0"}
			}
		},
		{
			"from": [7.25, 3, 6],
			"to": [8.75, 5, 12],
			"rotation": {"angle": 0, "axis": "y", "origin": [4, 1, 4]},
			"faces": {
				"north": {"uv": [0, 0, 3, 4], "texture": "#0"},
				"east": {"uv": [0, 0, 12, 4], "texture": "#0"},
				"south": {"uv": [0, 0, 3, 4], "texture": "#0"},
				"west": {"uv": [0, 0, 12, 4], "texture": "#0"},
				"up": {"uv": [0, 0, 3, 12], "texture": "#0"},
				"down": {"uv": [0, 0, 3, 12], "texture": "#0"}
			}
		},
		{
			"from": [7, 3.75, 6],
			"to": [8, 4.75, 12],
			"rotation": {"angle": -22.5, "axis": "z", "origin": [7.75, 4.25, 10.5]},
			"faces": {
				"north": {"uv": [0, 0, 2, 2], "texture": "#0"},
				"east": {"uv": [0, 0, 12, 2], "texture": "#0"},
				"south": {"uv": [0, 0, 2, 2], "texture": "#0"},
				"west": {"uv": [2, 0, 14, 2], "texture": "#0"},
				"up": {"uv": [0, 0, 2, 12], "texture": "#0"},
				"down": {"uv": [0, 0, 2, 12], "texture": "#0"}
			}
		},
		{
			"from": [8, 3.75, 6],
			"to": [9, 4.75, 12],
			"rotation": {"angle": 22.5, "axis": "z", "origin": [8.25, 4.25, 10.5]},
			"faces": {
				"north": {"uv": [0, 0, 2, 2], "texture": "#0"},
				"east": {"uv": [3, 0, 15, 2], "texture": "#0"},
				"south": {"uv": [0, 0, 2, 2], "texture": "#0"},
				"west": {"uv": [0, 0, 12, 2], "texture": "#0"},
				"up": {"uv": [0, 0, 2, 12], "texture": "#0"},
				"down": {"uv": [0, 0, 2, 12], "texture": "#0"}
			}
		},
		{
			"from": [8, 3.25, 6],
			"to": [9, 4.25, 12],
			"rotation": {"angle": -22.5, "axis": "z", "origin": [8.25, 3.75, 10.5]},
			"faces": {
				"north": {"uv": [0, 0, 2, 2], "texture": "#0"},
				"east": {"uv": [1, 0, 13, 2], "texture": "#0"},
				"south": {"uv": [0, 0, 2, 2], "texture": "#0"},
				"west": {"uv": [0, 0, 12, 2], "texture": "#0"},
				"up": {"uv": [0, 0, 2, 12], "texture": "#0"},
				"down": {"uv": [0, 0, 2, 12], "texture": "#0"}
			}
		},
		{
			"from": [7, 3.25, 6],
			"to": [8, 4.25, 12],
			"rotation": {"angle": 22.5, "axis": "z", "origin": [7.75, 3.75, 10.5]},
			"faces": {
				"north": {"uv": [0, 0, 2, 2], "texture": "#0"},
				"east": {"uv": [0, 0, 12, 2], "texture": "#0"},
				"south": {"uv": [0, 0, 2, 2], "texture": "#0"},
				"west": {"uv": [3, 0, 15, 2], "texture": "#0"},
				"up": {"uv": [0, 0, 2, 12], "texture": "#0"},
				"down": {"uv": [0, 0, 2, 12], "texture": "#0"}
			}
		},
		{
			"from": [6.85, 3.925, 6],
			"to": [9.15, 4.075, 12],
			"rotation": {"angle": 0, "axis": "y", "origin": [4, 1, 4]},
			"faces": {
				"north": {"uv": [0, 0, 4.6, 0.3], "texture": "#0"},
				"east": {"uv": [0, 0, 12, 0.3], "texture": "#0"},
				"south": {"uv": [0, 0, 4.6, 0.3], "texture": "#0"},
				"west": {"uv": [0, 0, 12, 0.3], "texture": "#0"},
				"up": {"uv": [0, 0, 4.6, 12], "texture": "#0"},
				"down": {"uv": [0, 0, 4.6, 12], "texture": "#0"}
			}
		},
		{
			"from": [7.25, 3, 2.5],
			"to": [8.75, 5, 6],
			"rotation": {"angle": 0, "axis": "y", "origin": [4, 1, -2]},
			"faces": {
				"north": {"uv": [0, 0, 3, 4], "texture": "#0"},
				"east": {"uv": [0, 0, 7, 4], "texture": "#0"},
				"south": {"uv": [0, 0, 3, 4], "texture": "#0"},
				"west": {"uv": [0, 0, 7, 4], "texture": "#0"},
				"up": {"uv": [0, 0, 3, 7], "texture": "#0"},
				"down": {"uv": [0, 0, 3, 7], "texture": "#0"}
			}
		},
		{
			"from": [7, 3.75, 2.5],
			"to": [8, 4.75, 6],
			"rotation": {"angle": -22.5, "axis": "z", "origin": [7.75, 4.25, 4.5]},
			"faces": {
				"north": {"uv": [0, 0, 2, 2], "texture": "#0"},
				"east": {"uv": [0, 0, 7, 2], "texture": "#0"},
				"south": {"uv": [0, 0, 2, 2], "texture": "#0"},
				"west": {"uv": [6, 0, 13, 2], "texture": "#0"},
				"up": {"uv": [0, 0, 2, 7], "texture": "#0"},
				"down": {"uv": [0, 0, 2, 7], "texture": "#0"}
			}
		},
		{
			"from": [8, 3.75, 2.5],
			"to": [9, 4.75, 6],
			"rotation": {"angle": 22.5, "axis": "z", "origin": [8.25, 4.25, 4.5]},
			"faces": {
				"north": {"uv": [0, 0, 2, 2], "texture": "#0"},
				"east": {"uv": [5, 0, 12, 2], "texture": "#0"},
				"south": {"uv": [0, 0, 2, 2], "texture": "#0"},
				"west": {"uv": [0, 0, 7, 2], "texture": "#0"},
				"up": {"uv": [0, 0, 2, 7], "texture": "#0"},
				"down": {"uv": [0, 0, 2, 7], "texture": "#0"}
			}
		},
		{
			"from": [8, 3.25, 2.5],
			"to": [9, 4.25, 6],
			"rotation": {"angle": -22.5, "axis": "z", "origin": [8.25, 3.75, 4.5]},
			"faces": {
				"north": {"uv": [0, 0, 2, 2], "texture": "#0"},
				"east": {"uv": [7, 0, 14, 2], "texture": "#0"},
				"south": {"uv": [0, 0, 2, 2], "texture": "#0"},
				"west": {"uv": [0, 0, 7, 2], "texture": "#0"},
				"up": {"uv": [0, 0, 2, 7], "texture": "#0"},
				"down": {"uv": [0, 0, 2, 7], "texture": "#0"}
			}
		},
		{
			"from": [7, 3.25, 2.5],
			"to": [8, 4.25, 6],
			"rotation": {"angle": 22.5, "axis": "z", "origin": [7.75, 3.75, 4.5]},
			"faces": {
				"north": {"uv": [0, 0, 2, 2], "texture": "#0"},
				"east": {"uv": [0, 0, 7, 2], "texture": "#0"},
				"south": {"uv": [0, 0, 2, 2], "texture": "#0"},
				"west": {"uv": [1, 0, 8, 2], "texture": "#0"},
				"up": {"uv": [0, 0, 2, 7], "texture": "#0"},
				"down": {"uv": [0, 0, 2, 7], "texture": "#0"}
			}
		},
		{
			"from": [6.85, 3.925, 2.5],
			"to": [9.15, 4.075, 6],
			"rotation": {"angle": 0, "axis": "y", "origin": [4, 1, -2]},
			"faces": {
				"north": {"uv": [0, 0, 4.6, 0.3], "texture": "#0"},
				"east": {"uv": [0, 0, 7, 0.3], "texture": "#0"},
				"south": {"uv": [0, 0, 4.6, 0.3], "texture": "#0"},
				"west": {"uv": [0, 0, 7, 0.3], "texture": "#0"},
				"up": {"uv": [0, 0, 4.6, 7], "texture": "#0"},
				"down": {"uv": [0, 0, 4.6, 7], "texture": "#0"}
			}
		},
		{
			"from": [7.5, 0.5, 11.3],
			"to": [8.5, 3, 12.3],
			"rotation": {"angle": -22.5, "axis": "x", "origin": [8, 1.75, 11]},
			"faces": {
				"north": {"uv": [4, 3, 5, 8], "texture": "#0"},
				"east": {"uv": [6, 3, 4, 8], "texture": "#0"},
				"south": {"uv": [5, 3, 6, 8], "texture": "#0"},
				"west": {"uv": [4, 3, 6, 8], "texture": "#0"},
				"up": {"uv": [4, 6, 6, 8], "texture": "#0"},
				"down": {"uv": [4, 3, 6, 5], "texture": "#0"}
			}
		},
		{
			"from": [7.375, 2, 6.25],
			"to": [8.625, 3, 9.25],
			"rotation": {"angle": 0, "axis": "y", "origin": [4, 1, 4]},
			"faces": {
				"north": {"uv": [0, 0, 2.5, 2], "texture": "#0"},
				"east": {"uv": [0, 0, 6, 2], "texture": "#0"},
				"south": {"uv": [0, 0, 2.5, 2], "texture": "#0"},
				"west": {"uv": [0, 0, 6, 2], "texture": "#0"},
				"up": {"uv": [0, 0, 2.5, 6], "texture": "#0"},
				"down": {"uv": [0, 0, 2.5, 6], "texture": "#0"}
			}
		},
		{
			"from": [7.5, 1, 6.375],
			"to": [8.5, 2, 9.125],
			"rotation": {"angle": 0, "axis": "y", "origin": [4, 1, 4]},
			"faces": {
				"north": {"uv": [10, 6, 12, 8], "texture": "#0"},
				"east": {"uv": [7, 6, 12.5, 8], "texture": "#0"},
				"south": {"uv": [7, 6, 9, 8], "texture": "#0"},
				"west": {"uv": [7, 6, 12.5, 8], "texture": "#0"},
				"up": {"uv": [7, 8, 9, 13.5], "texture": "#0"},
				"down": {"uv": [7, 8.5, 9, 14], "texture": "#0"}
			}
		},
		{
			"from": [7.75, 2.125, 10.25],
			"to": [8.25, 3.125, 11.25],
			"rotation": {"angle": 0, "axis": "y", "origin": [4, 1, 4]},
			"faces": {
				"north": {"uv": [4, 9, 5, 11], "texture": "#0"},
				"east": {"uv": [4, 9, 6, 11], "texture": "#0"},
				"south": {"uv": [4, 9, 5, 11], "texture": "#0"},
				"west": {"uv": [4, 9, 6, 11], "texture": "#0"},
				"up": {"uv": [4, 9, 5, 11], "texture": "#0"},
				"down": {"uv": [4, 9, 5, 11], "texture": "#0"}
			}
		},
		{
			"name": "octagon",
			"from": [7.79289, 3.5, -9.5],
			"to": [8.20711, 3.75, -3.5],
			"rotation": {"angle": 45, "axis": "z", "origin": [8, 4, -4]},
			"faces": {
				"north": {"uv": [15, 15, 16, 16], "texture": "#0"},
				"east": {"uv": [4, 15, 5, 16], "texture": "#0"},
				"south": {"uv": [15, 15, 16, 16], "texture": "#0"},
				"west": {"uv": [4, 15, 5, 16], "texture": "#0"},
				"up": {"uv": [15, 4, 16, 5], "texture": "#0"},
				"down": {"uv": [15, 0, 16, 12], "texture": "#0"}
			}
		},
		{
			"name": "octagon",
			"from": [7.79289, 3.5, -9.5],
			"to": [8.20711, 3.75, -3.5],
			"rotation": {"angle": 0, "axis": "y", "origin": [8, 4, -4]},
			"faces": {
				"north": {"uv": [15, 15, 16, 16], "texture": "#0"},
				"east": {"uv": [4, 15, 5, 16], "texture": "#0"},
				"south": {"uv": [15, 15, 16, 16], "texture": "#0"},
				"west": {"uv": [4, 15, 5, 16], "texture": "#0"},
				"up": {"uv": [15, 4, 16, 5], "texture": "#0"},
				"down": {"uv": [15, 3, 16, 15], "texture": "#0"}
			}
		},
		{
			"name": "octagon",
			"from": [7.79289, 4.25, -9.5],
			"to": [8.20711, 4.5, -3.5],
			"rotation": {"angle": 45, "axis": "z", "origin": [8, 4, -4]},
			"faces": {
				"north": {"uv": [15, 15, 16, 16], "texture": "#0"},
				"east": {"uv": [4, 15, 5, 16], "texture": "#0"},
				"south": {"uv": [15, 15, 16, 16], "texture": "#0"},
				"west": {"uv": [4, 15, 5, 16], "texture": "#0"},
				"up": {"uv": [15, 2, 16, 14], "texture": "#0"},
				"down": {"uv": [15, 4, 16, 5], "texture": "#0"}
			}
		},
		{
			"name": "octagon",
			"from": [7.79289, 4.25, -9.5],
			"to": [8.20711, 4.5, -3.5],
			"rotation": {"angle": 0, "axis": "y", "origin": [8, 4, -4]},
			"faces": {
				"north": {"uv": [15, 15, 16, 16], "texture": "#0"},
				"east": {"uv": [4, 15, 5, 16], "texture": "#0"},
				"south": {"uv": [15, 15, 16, 16], "texture": "#0"},
				"west": {"uv": [4, 15, 5, 16], "texture": "#0"},
				"up": {"uv": [15, 3, 16, 15], "texture": "#0"},
				"down": {"uv": [15, 4, 16, 5], "texture": "#0"}
			}
		},
		{
			"name": "octagon",
			"from": [7.5, 3.79289, -9.5],
			"to": [7.75, 4.20711, -3.5],
			"rotation": {"angle": 45, "axis": "z", "origin": [8, 4, -4]},
			"faces": {
				"north": {"uv": [15, 15, 16, 16], "texture": "#0"},
				"east": {"uv": [4, 15, 5, 16], "texture": "#0"},
				"south": {"uv": [15, 15, 16, 16], "texture": "#0"},
				"west": {"uv": [3, 15, 15, 16], "texture": "#0"},
				"up": {"uv": [15, 4, 16, 5], "texture": "#0"},
				"down": {"uv": [15, 4, 16, 5], "texture": "#0"}
			}
		},
		{
			"name": "octagon",
			"from": [7.5, 3.79289, -9.5],
			"to": [7.75, 4.20711, -3.5],
			"rotation": {"angle": 0, "axis": "y", "origin": [8, 4, -4]},
			"faces": {
				"north": {"uv": [15, 15, 16, 16], "texture": "#0"},
				"east": {"uv": [4, 15, 5, 16], "texture": "#0"},
				"south": {"uv": [15, 15, 16, 16], "texture": "#0"},
				"west": {"uv": [2, 15, 14, 16], "texture": "#0"},
				"up": {"uv": [15, 4, 16, 5], "texture": "#0"},
				"down": {"uv": [15, 4, 16, 5], "texture": "#0"}
			}
		},
		{
			"name": "octagon",
			"from": [8.25, 3.79289, -9.5],
			"to": [8.5, 4.20711, -3.5],
			"rotation": {"angle": 45, "axis": "z", "origin": [8, 4, -4]},
			"faces": {
				"north": {"uv": [15, 15, 16, 16], "texture": "#0"},
				"east": {"uv": [3, 15, 15, 16], "texture": "#0"},
				"south": {"uv": [15, 15, 16, 16], "texture": "#0"},
				"west": {"uv": [4, 15, 5, 16], "texture": "#0"},
				"up": {"uv": [15, 4, 16, 5], "texture": "#0"},
				"down": {"uv": [15, 4, 16, 5], "texture": "#0"}
			}
		},
		{
			"name": "octagon",
			"from": [8.25, 3.79289, -9.5],
			"to": [8.5, 4.20711, -3.5],
			"rotation": {"angle": 0, "axis": "y", "origin": [8, 4, -4]},
			"faces": {
				"north": {"uv": [15, 15, 16, 16], "texture": "#0"},
				"east": {"uv": [0, 15, 12, 16], "texture": "#0"},
				"south": {"uv": [15, 15, 16, 16], "texture": "#0"},
				"west": {"uv": [4, 15, 5, 16], "texture": "#0"},
				"up": {"uv": [15, 4, 16, 5], "texture": "#0"},
				"down": {"uv": [15, 4, 16, 5], "texture": "#0"}
			}
		},
		{
			"name": "octagon",
			"from": [7.79289, 3.5, -3.5],
			"to": [8.20711, 3.75, 2.5],
			"rotation": {"angle": 45, "axis": "z", "origin": [8, 4, 2]},
			"faces": {
				"north": {"uv": [15, 15, 16, 16], "texture": "#0"},
				"east": {"uv": [4, 15, 5, 16], "texture": "#0"},
				"south": {"uv": [15, 15, 16, 16], "texture": "#0"},
				"west": {"uv": [4, 15, 5, 16], "texture": "#0"},
				"up": {"uv": [15, 4, 16, 5], "texture": "#0"},
				"down": {"uv": [15, 0, 16, 12], "texture": "#0"}
			}
		},
		{
			"name": "octagon",
			"from": [7.79289, 3.5, -3.5],
			"to": [8.20711, 3.75, 2.5],
			"rotation": {"angle": 0, "axis": "y", "origin": [8, 4, 2]},
			"faces": {
				"north": {"uv": [15, 15, 16, 16], "texture": "#0"},
				"east": {"uv": [4, 15, 5, 16], "texture": "#0"},
				"south": {"uv": [15, 15, 16, 16], "texture": "#0"},
				"west": {"uv": [4, 15, 5, 16], "texture": "#0"},
				"up": {"uv": [15, 4, 16, 5], "texture": "#0"},
				"down": {"uv": [15, 3, 16, 15], "texture": "#0"}
			}
		},
		{
			"name": "octagon",
			"from": [7.79289, 4.25, -3.5],
			"to": [8.20711, 4.5, 2.5],
			"rotation": {"angle": 45, "axis": "z", "origin": [8, 4, 2]},
			"faces": {
				"north": {"uv": [15, 15, 16, 16], "texture": "#0"},
				"east": {"uv": [4, 15, 5, 16], "texture": "#0"},
				"south": {"uv": [15, 15, 16, 16], "texture": "#0"},
				"west": {"uv": [4, 15, 5, 16], "texture": "#0"},
				"up": {"uv": [15, 2, 16, 14], "texture": "#0"},
				"down": {"uv": [15, 4, 16, 5], "texture": "#0"}
			}
		},
		{
			"name": "octagon",
			"from": [7.79289, 4.25, -3.5],
			"to": [8.20711, 4.5, 2.5],
			"rotation": {"angle": 0, "axis": "y", "origin": [8, 4, 2]},
			"faces": {
				"north": {"uv": [15, 15, 16, 16], "texture": "#0"},
				"east": {"uv": [4, 15, 5, 16], "texture": "#0"},
				"south": {"uv": [15, 15, 16, 16], "texture": "#0"},
				"west": {"uv": [4, 15, 5, 16], "texture": "#0"},
				"up": {"uv": [15, 3, 16, 15], "texture": "#0"},
				"down": {"uv": [15, 4, 16, 5], "texture": "#0"}
			}
		},
		{
			"name": "octagon",
			"from": [7.5, 3.79289, -3.5],
			"to": [7.75, 4.20711, 2.5],
			"rotation": {"angle": 45, "axis": "z", "origin": [8, 4, 2]},
			"faces": {
				"north": {"uv": [15, 15, 16, 16], "texture": "#0"},
				"east": {"uv": [4, 15, 5, 16], "texture": "#0"},
				"south": {"uv": [15, 15, 16, 16], "texture": "#0"},
				"west": {"uv": [3, 15, 15, 16], "texture": "#0"},
				"up": {"uv": [15, 4, 16, 5], "texture": "#0"},
				"down": {"uv": [15, 4, 16, 5], "texture": "#0"}
			}
		},
		{
			"name": "octagon",
			"from": [7.5, 3.79289, -3.5],
			"to": [7.75, 4.20711, 2.5],
			"rotation": {"angle": 0, "axis": "y", "origin": [8, 4, 2]},
			"faces": {
				"north": {"uv": [15, 15, 16, 16], "texture": "#0"},
				"east": {"uv": [4, 15, 5, 16], "texture": "#0"},
				"south": {"uv": [15, 15, 16, 16], "texture": "#0"},
				"west": {"uv": [2, 15, 14, 16], "texture": "#0"},
				"up": {"uv": [15, 4, 16, 5], "texture": "#0"},
				"down": {"uv": [15, 4, 16, 5], "texture": "#0"}
			}
		},
		{
			"name": "octagon",
			"from": [8.25, 3.79289, -3.5],
			"to": [8.5, 4.20711, 2.5],
			"rotation": {"angle": 45, "axis": "z", "origin": [8, 4, 2]},
			"faces": {
				"north": {"uv": [15, 15, 16, 16], "texture": "#0"},
				"east": {"uv": [3, 15, 15, 16], "texture": "#0"},
				"south": {"uv": [15, 15, 16, 16], "texture": "#0"},
				"west": {"uv": [4, 15, 5, 16], "texture": "#0"},
				"up": {"uv": [15, 4, 16, 5], "texture": "#0"},
				"down": {"uv": [15, 4, 16, 5], "texture": "#0"}
			}
		},
		{
			"name": "octagon",
			"from": [8.25, 3.79289, -3.5],
			"to": [8.5, 4.20711, 2.5],
			"rotation": {"angle": 0, "axis": "y", "origin": [8, 4, 2]},
			"faces": {
				"north": {"uv": [15, 15, 16, 16], "texture": "#0"},
				"east": {"uv": [0, 15, 12, 16], "texture": "#0"},
				"south": {"uv": [15, 15, 16, 16], "texture": "#0"},
				"west": {"uv": [4, 15, 5, 16], "texture": "#0"},
				"up": {"uv": [15, 4, 16, 5], "texture": "#0"},
				"down": {"uv": [15, 4, 16, 5], "texture": "#0"}
			}
		},
		{
			"from": [7.25, 3.4, -11],
			"to": [8.75, 4.6, -9],
			"rotation": {"angle": 0, "axis": "y", "origin": [0, -3, -2]},
			"faces": {
				"north": {"uv": [12, 13, 15, 15], "texture": "#0"},
				"east": {"uv": [11, 13, 15, 15], "texture": "#0"},
				"south": {"uv": [12, 13, 15, 15], "texture": "#0"},
				"west": {"uv": [11, 13, 15, 15], "texture": "#0"},
				"up": {"uv": [12, 11, 15, 15], "texture": "#0"},
				"down": {"uv": [12, 11, 15, 15], "texture": "#0"}
			}
		},
		{
			"from": [7.5, 3.65, -11.01],
			"to": [8.5, 4.35, -11.01],
			"rotation": {"angle": 0, "axis": "y", "origin": [0, -3, -2]},
			"faces": {
				"north": {"uv": [11, 3, 14, 5], "texture": "#0"},
				"east": {"uv": [11, 13, 15, 15], "texture": "#0"},
				"south": {"uv": [12, 13, 15, 15], "texture": "#0"},
				"west": {"uv": [11, 13, 15, 15], "texture": "#0"},
				"up": {"uv": [12, 11, 15, 15], "texture": "#0"},
				"down": {"uv": [12, 11, 15, 15], "texture": "#0"}
			}
		},
		{
			"name": "octagon",
			"from": [7.79289, 5.75, 8.5],
			"to": [8.20711, 6.75, 11.5],
			"rotation": {"angle": 45, "axis": "z", "origin": [8, 6.25, 11]},
			"faces": {
				"north": {"uv": [15, 15, 16, 16], "texture": "#0"},
				"east": {"uv": [10, 15, 11, 16], "texture": "#0"},
				"south": {"uv": [15, 15, 16, 16], "texture": "#0"},
				"west": {"uv": [10, 15, 11, 16], "texture": "#0"},
				"up": {"uv": [15, 10, 16, 16], "texture": "#0"},
				"down": {"uv": [15, 10, 16, 16], "texture": "#0"}
			}
		},
		{
			"name": "octagon",
			"from": [7.79289, 5.75, 8.5],
			"to": [8.20711, 6.75, 11.5],
			"rotation": {"angle": 0, "axis": "z", "origin": [8, 6.25, 11]},
			"faces": {
				"north": {"uv": [15, 15, 16, 16], "texture": "#0"},
				"east": {"uv": [10, 15, 11, 16], "texture": "#0"},
				"south": {"uv": [15, 15, 16, 16], "texture": "#0"},
				"west": {"uv": [10, 15, 11, 16], "texture": "#0"},
				"up": {"uv": [15, 4, 16, 10], "texture": "#0"},
				"down": {"uv": [15, 10, 16, 16], "texture": "#0"}
			}
		},
		{
			"name": "octagon",
			"from": [7.5, 6.04289, 8.5],
			"to": [8.5, 6.45711, 11.5],
			"rotation": {"angle": 45, "axis": "z", "origin": [8, 6.25, 11]},
			"faces": {
				"north": {"uv": [15, 15, 16, 16], "texture": "#0"},
				"east": {"uv": [8, 15, 14, 16], "texture": "#0"},
				"south": {"uv": [15, 15, 16, 16], "texture": "#0"},
				"west": {"uv": [0, 15, 6, 16], "texture": "#0"},
				"up": {"uv": [15, 10, 16, 11], "texture": "#0"},
				"down": {"uv": [15, 10, 16, 11], "texture": "#0"}
			}
		},
		{
			"name": "octagon",
			"from": [7.5, 6.04289, 8.5],
			"to": [8.5, 6.45711, 11.5],
			"rotation": {"angle": 0, "axis": "z", "origin": [8, 6.25, 11]},
			"faces": {
				"north": {"uv": [15, 15, 16, 16], "texture": "#0"},
				"east": {"uv": [10, 15, 16, 16], "texture": "#0"},
				"south": {"uv": [15, 15, 16, 16], "texture": "#0"},
				"west": {"uv": [5, 15, 11, 16], "texture": "#0"},
				"up": {"uv": [15, 10, 16, 11], "texture": "#0"},
				"down": {"uv": [15, 10, 16, 11], "texture": "#0"}
			}
		},
		{
			"name": "octagon",
			"from": [7.80584, 5.78125, 4.49],
			"to": [8.19416, 6.71875, 4.49],
			"rotation": {"angle": 45, "axis": "z", "origin": [8, 6.25, 4.125]},
			"faces": {
				"north": {"uv": [4, 13, 5, 14], "texture": "#0"},
				"east": {"uv": [4, 13, 5, 14], "texture": "#0"},
				"south": {"uv": [5, 13, 6, 14], "texture": "#0"},
				"west": {"uv": [4, 13, 5, 14], "texture": "#0"},
				"up": {"uv": [5, 12, 6, 14], "texture": "#0"},
				"down": {"uv": [4, 12, 5, 14], "texture": "#0"}
			}
		},
		{
			"name": "octagon",
			"from": [7.80584, 5.78125, 4.49],
			"to": [8.19416, 6.71875, 4.49],
			"rotation": {"angle": 0, "axis": "y", "origin": [8, 6.25, 4.125]},
			"faces": {
				"north": {"uv": [4, 13, 5, 14], "texture": "#0"},
				"east": {"uv": [4, 13, 5, 14], "texture": "#0"},
				"south": {"uv": [5, 13, 6, 14], "texture": "#0"},
				"west": {"uv": [4, 13, 5, 14], "texture": "#0"},
				"up": {"uv": [5, 12, 6, 14], "texture": "#0"},
				"down": {"uv": [4, 12, 5, 14], "texture": "#0"}
			}
		},
		{
			"name": "octagon",
			"from": [7.53125, 6.05584, 4.49],
			"to": [8.46875, 6.44416, 4.49],
			"rotation": {"angle": 45, "axis": "z", "origin": [8, 6.25, 4.125]},
			"faces": {
				"north": {"uv": [4, 13, 5, 14], "texture": "#0"},
				"east": {"uv": [4, 13, 6, 14], "texture": "#0"},
				"south": {"uv": [5, 13, 6, 14], "texture": "#0"},
				"west": {"uv": [4, 13, 6, 14], "texture": "#0"},
				"up": {"uv": [5, 12, 6, 13], "texture": "#0"},
				"down": {"uv": [4, 12, 5, 13], "texture": "#0"}
			}
		},
		{
			"name": "octagon",
			"from": [7.53125, 6.05584, 4.49],
			"to": [8.46875, 6.44416, 4.49],
			"rotation": {"angle": 0, "axis": "y", "origin": [8, 6.25, 4.125]},
			"faces": {
				"north": {"uv": [4, 13, 5, 14], "texture": "#0"},
				"east": {"uv": [4, 13, 6, 14], "texture": "#0"},
				"south": {"uv": [5, 13, 6, 14], "texture": "#0"},
				"west": {"uv": [4, 13, 6, 14], "texture": "#0"},
				"up": {"uv": [5, 12, 6, 13], "texture": "#0"},
				"down": {"uv": [4, 12, 5, 13], "texture": "#0"}
			}
		},
		{
			"name": "octagon",
			"from": [7.80584, 5.78125, 12.51],
			"to": [8.19416, 6.71875, 12.51],
			"rotation": {"angle": 45, "axis": "z", "origin": [8, 6.25, 12.125]},
			"faces": {
				"north": {"uv": [4, 13, 5, 14], "texture": "#0"},
				"east": {"uv": [4, 13, 5, 14], "texture": "#0"},
				"south": {"uv": [5, 13, 6, 14], "texture": "#0"},
				"west": {"uv": [4, 13, 5, 14], "texture": "#0"},
				"up": {"uv": [5, 12, 6, 14], "texture": "#0"},
				"down": {"uv": [4, 12, 5, 14], "texture": "#0"}
			}
		},
		{
			"name": "octagon",
			"from": [7.80584, 5.78125, 12.51],
			"to": [8.19416, 6.71875, 12.51],
			"rotation": {"angle": 0, "axis": "y", "origin": [8, 6.25, 12.125]},
			"faces": {
				"north": {"uv": [4, 13, 5, 14], "texture": "#0"},
				"east": {"uv": [4, 13, 5, 14], "texture": "#0"},
				"south": {"uv": [5, 13, 6, 14], "texture": "#0"},
				"west": {"uv": [4, 13, 5, 14], "texture": "#0"},
				"up": {"uv": [5, 12, 6, 14], "texture": "#0"},
				"down": {"uv": [4, 12, 5, 14], "texture": "#0"}
			}
		},
		{
			"name": "octagon",
			"from": [7.53125, 6.05584, 12.51],
			"to": [8.46875, 6.44416, 12.51],
			"rotation": {"angle": 45, "axis": "z", "origin": [8, 6.25, 12.125]},
			"faces": {
				"north": {"uv": [4, 13, 5, 14], "texture": "#0"},
				"east": {"uv": [4, 13, 6, 14], "texture": "#0"},
				"south": {"uv": [5, 13, 6, 14], "texture": "#0"},
				"west": {"uv": [4, 13, 6, 14], "texture": "#0"},
				"up": {"uv": [5, 12, 6, 13], "texture": "#0"},
				"down": {"uv": [4, 12, 5, 13], "texture": "#0"}
			}
		},
		{
			"name": "octagon",
			"from": [7.53125, 6.05584, 12.51],
			"to": [8.46875, 6.44416, 12.51],
			"rotation": {"angle": 0, "axis": "y", "origin": [8, 6.25, 12.125]},
			"faces": {
				"north": {"uv": [4, 13, 5, 14], "texture": "#0"},
				"east": {"uv": [4, 13, 6, 14], "texture": "#0"},
				"south": {"uv": [5, 13, 6, 14], "texture": "#0"},
				"west": {"uv": [4, 13, 6, 14], "texture": "#0"},
				"up": {"uv": [5, 12, 6, 13], "texture": "#0"},
				"down": {"uv": [4, 12, 5, 13], "texture": "#0"}
			}
		},
		{
			"name": "octagon",
			"from": [7.74112, 5.625, 11.5],
			"to": [8.25888, 6.875, 12.5],
			"rotation": {"angle": 45, "axis": "z", "origin": [8, 6.25, 12]},
			"faces": {
				"north": {"uv": [15, 15, 16, 16], "texture": "#0"},
				"east": {"uv": [14, 15, 15, 16], "texture": "#0"},
				"south": {"uv": [15, 15, 16, 16], "texture": "#0"},
				"west": {"uv": [14, 15, 15, 16], "texture": "#0"},
				"up": {"uv": [15, 14, 16, 16], "texture": "#0"},
				"down": {"uv": [15, 14, 16, 16], "texture": "#0"}
			}
		},
		{
			"name": "octagon",
			"from": [7.74112, 5.625, 11.5],
			"to": [8.25888, 6.875, 12.5],
			"rotation": {"angle": 0, "axis": "z", "origin": [8, 6.25, 12]},
			"faces": {
				"north": {"uv": [15, 15, 16, 16], "texture": "#0"},
				"east": {"uv": [14, 15, 15, 16], "texture": "#0"},
				"south": {"uv": [15, 15, 16, 16], "texture": "#0"},
				"west": {"uv": [14, 15, 15, 16], "texture": "#0"},
				"up": {"uv": [15, 14, 16, 16], "texture": "#0"},
				"down": {"uv": [15, 14, 16, 16], "texture": "#0"}
			}
		},
		{
			"name": "octagon",
			"from": [7.375, 5.99112, 11.5],
			"to": [8.625, 6.50888, 12.5],
			"rotation": {"angle": 45, "axis": "z", "origin": [8, 6.25, 12]},
			"faces": {
				"north": {"uv": [15, 15, 16, 16], "texture": "#0"},
				"east": {"uv": [14, 15, 16, 16], "texture": "#0"},
				"south": {"uv": [15, 15, 16, 16], "texture": "#0"},
				"west": {"uv": [14, 15, 16, 16], "texture": "#0"},
				"up": {"uv": [15, 14, 16, 15], "texture": "#0"},
				"down": {"uv": [15, 14, 16, 15], "texture": "#0"}
			}
		},
		{
			"name": "octagon",
			"from": [7.375, 5.99112, 11.5],
			"to": [8.625, 6.50888, 12.5],
			"rotation": {"angle": 0, "axis": "z", "origin": [8, 6.25, 12]},
			"faces": {
				"north": {"uv": [15, 15, 16, 16], "texture": "#0"},
				"east": {"uv": [14, 15, 16, 16], "texture": "#0"},
				"south": {"uv": [15, 15, 16, 16], "texture": "#0"},
				"west": {"uv": [14, 15, 16, 16], "texture": "#0"},
				"up": {"uv": [15, 14, 16, 15], "texture": "#0"},
				"down": {"uv": [15, 14, 16, 15], "texture": "#0"}
			}
		},
		{
			"name": "octagon",
			"from": [7.767, 5.6875, 7.5],
			"to": [8.233, 6.8125, 8.5],
			"rotation": {"angle": 45, "axis": "z", "origin": [8, 6.25, 8]},
			"faces": {
				"north": {"uv": [15, 15, 16, 16], "texture": "#0"},
				"east": {"uv": [14, 15, 15, 16], "texture": "#0"},
				"south": {"uv": [15, 15, 16, 16], "texture": "#0"},
				"west": {"uv": [14, 15, 15, 16], "texture": "#0"},
				"up": {"uv": [15, 14, 16, 16], "texture": "#0"},
				"down": {"uv": [15, 14, 16, 16], "texture": "#0"}
			}
		},
		{
			"name": "octagon",
			"from": [7.767, 5.6875, 7.5],
			"to": [8.233, 6.8125, 8.5],
			"rotation": {"angle": 0, "axis": "z", "origin": [8, 6.25, 8]},
			"faces": {
				"north": {"uv": [15, 15, 16, 16], "texture": "#0"},
				"east": {"uv": [14, 15, 15, 16], "texture": "#0"},
				"south": {"uv": [15, 15, 16, 16], "texture": "#0"},
				"west": {"uv": [14, 15, 15, 16], "texture": "#0"},
				"up": {"uv": [13, 11, 14, 13], "texture": "#0"},
				"down": {"uv": [15, 14, 16, 16], "texture": "#0"}
			}
		},
		{
			"name": "octagon",
			"from": [7.4375, 6.017, 7.5],
			"to": [8.5625, 6.483, 8.5],
			"rotation": {"angle": 45, "axis": "z", "origin": [8, 6.25, 8]},
			"faces": {
				"north": {"uv": [15, 15, 16, 16], "texture": "#0"},
				"east": {"uv": [13, 15, 15, 16], "texture": "#0"},
				"south": {"uv": [15, 15, 16, 16], "texture": "#0"},
				"west": {"uv": [14, 15, 16, 16], "texture": "#0"},
				"up": {"uv": [15, 14, 16, 15], "texture": "#0"},
				"down": {"uv": [15, 14, 16, 15], "texture": "#0"}
			}
		},
		{
			"name": "octagon",
			"from": [7.4375, 6.017, 7.5],
			"to": [8.5625, 6.483, 8.5],
			"rotation": {"angle": 0, "axis": "z", "origin": [8, 6.25, 8]},
			"faces": {
				"north": {"uv": [15, 15, 16, 16], "texture": "#0"},
				"east": {"uv": [11, 15, 13, 16], "texture": "#0"},
				"south": {"uv": [15, 15, 16, 16], "texture": "#0"},
				"west": {"uv": [8, 15, 10, 16], "texture": "#0"},
				"up": {"uv": [15, 14, 16, 15], "texture": "#0"},
				"down": {"uv": [15, 14, 16, 15], "texture": "#0"}
			}
		},
		{
			"name": "octagon",
			"from": [7.74112, 5.625, 6.5],
			"to": [8.25888, 6.875, 7.5],
			"rotation": {"angle": 45, "axis": "z", "origin": [8, 6.25, 7]},
			"faces": {
				"north": {"uv": [15, 15, 16, 16], "texture": "#0"},
				"east": {"uv": [14, 15, 15, 16], "texture": "#0"},
				"south": {"uv": [15, 15, 16, 16], "texture": "#0"},
				"west": {"uv": [14, 15, 15, 16], "texture": "#0"},
				"up": {"uv": [15, 7, 16, 9], "texture": "#0"},
				"down": {"uv": [15, 14, 16, 16], "texture": "#0"}
			}
		},
		{
			"name": "octagon",
			"from": [7.74112, 5.625, 6.5],
			"to": [8.25888, 6.875, 7.5],
			"rotation": {"angle": 0, "axis": "z", "origin": [8, 6.25, 7]},
			"faces": {
				"north": {"uv": [15, 15, 16, 16], "texture": "#0"},
				"east": {"uv": [14, 15, 15, 16], "texture": "#0"},
				"south": {"uv": [15, 15, 16, 16], "texture": "#0"},
				"west": {"uv": [14, 15, 15, 16], "texture": "#0"},
				"up": {"uv": [11, 14, 12, 16], "texture": "#0"},
				"down": {"uv": [15, 14, 16, 16], "texture": "#0"}
			}
		},
		{
			"name": "octagon",
			"from": [7.375, 5.99112, 6.5],
			"to": [8.625, 6.50888, 7.5],
			"rotation": {"angle": 45, "axis": "z", "origin": [8, 6.25, 7]},
			"faces": {
				"north": {"uv": [15, 15, 16, 16], "texture": "#0"},
				"east": {"uv": [14, 15, 16, 16], "texture": "#0"},
				"south": {"uv": [15, 15, 16, 16], "texture": "#0"},
				"west": {"uv": [14, 15, 16, 16], "texture": "#0"},
				"up": {"uv": [15, 14, 16, 15], "texture": "#0"},
				"down": {"uv": [15, 14, 16, 15], "texture": "#0"}
			}
		},
		{
			"name": "octagon",
			"from": [7.375, 5.99112, 6.5],
			"to": [8.625, 6.50888, 7.5],
			"rotation": {"angle": 0, "axis": "z", "origin": [8, 6.25, 7]},
			"faces": {
				"north": {"uv": [15, 15, 16, 16], "texture": "#0"},
				"east": {"uv": [14, 15, 16, 16], "texture": "#0"},
				"south": {"uv": [15, 15, 16, 16], "texture": "#0"},
				"west": {"uv": [3, 15, 5, 16], "texture": "#0"},
				"up": {"uv": [15, 14, 16, 15], "texture": "#0"},
				"down": {"uv": [15, 14, 16, 15], "texture": "#0"}
			}
		},
		{
			"name": "octagon",
			"from": [7.71523, 5.5625, 4.5],
			"to": [8.28477, 6.9375, 6.5],
			"rotation": {"angle": 45, "axis": "z", "origin": [8, 6.25, 6]},
			"faces": {
				"north": {"uv": [15, 15, 16, 16], "texture": "#0"},
				"east": {"uv": [12, 15, 13, 16], "texture": "#0"},
				"south": {"uv": [15, 15, 16, 16], "texture": "#0"},
				"west": {"uv": [12, 15, 13, 16], "texture": "#0"},
				"up": {"uv": [13, 11, 14, 15], "texture": "#0"},
				"down": {"uv": [15, 12, 16, 16], "texture": "#0"}
			}
		},
		{
			"name": "octagon",
			"from": [7.71523, 5.5625, 4.5],
			"to": [8.28477, 6.9375, 6.5],
			"rotation": {"angle": 0, "axis": "z", "origin": [8, 6.25, 6]},
			"faces": {
				"north": {"uv": [15, 15, 16, 16], "texture": "#0"},
				"east": {"uv": [12, 15, 13, 16], "texture": "#0"},
				"south": {"uv": [15, 15, 16, 16], "texture": "#0"},
				"west": {"uv": [12, 15, 13, 16], "texture": "#0"},
				"up": {"uv": [14, 12, 15, 16], "texture": "#0"},
				"down": {"uv": [15, 12, 16, 16], "texture": "#0"}
			}
		},
		{
			"name": "octagon",
			"from": [7.3125, 5.96523, 4.5],
			"to": [8.6875, 6.53477, 6.5],
			"rotation": {"angle": 45, "axis": "z", "origin": [8, 6.25, 6]},
			"faces": {
				"north": {"uv": [15, 15, 16, 16], "texture": "#0"},
				"east": {"uv": [10, 15, 14, 16], "texture": "#0"},
				"south": {"uv": [15, 15, 16, 16], "texture": "#0"},
				"west": {"uv": [6, 15, 10, 16], "texture": "#0"},
				"up": {"uv": [15, 12, 16, 13], "texture": "#0"},
				"down": {"uv": [15, 12, 16, 13], "texture": "#0"}
			}
		},
		{
			"name": "octagon",
			"from": [7.3125, 5.96523, 4.5],
			"to": [8.6875, 6.53477, 6.5],
			"rotation": {"angle": 0, "axis": "z", "origin": [8, 6.25, 6]},
			"faces": {
				"north": {"uv": [15, 15, 16, 16], "texture": "#0"},
				"east": {"uv": [10, 15, 14, 16], "texture": "#0"},
				"south": {"uv": [15, 15, 16, 16], "texture": "#0"},
				"west": {"uv": [7, 15, 11, 16], "texture": "#0"},
				"up": {"uv": [15, 12, 16, 13], "texture": "#0"},
				"down": {"uv": [15, 12, 16, 13], "texture": "#0"}
			}
		},
		{
			"from": [7.75, 5, 10],
			"to": [8.25, 6, 11],
			"rotation": {"angle": 0, "axis": "y", "origin": [0, -3, -2]},
			"faces": {
				"north": {"uv": [15.5, 14, 16, 16], "texture": "#0"},
				"east": {"uv": [14, 14, 16, 16], "texture": "#0"},
				"south": {"uv": [15.5, 14, 16, 16], "texture": "#0"},
				"west": {"uv": [14, 14, 16, 16], "texture": "#0"},
				"up": {"uv": [15.5, 15, 16, 16], "texture": "#0"},
				"down": {"uv": [15.5, 15, 16, 16], "texture": "#0"}
			}
		},
		{
			"from": [7.75, 5, 7],
			"to": [8.25, 6, 8],
			"rotation": {"angle": 0, "axis": "y", "origin": [0, -3, -2]},
			"faces": {
				"north": {"uv": [15.5, 14, 16, 16], "texture": "#0"},
				"east": {"uv": [14, 14, 16, 16], "texture": "#0"},
				"south": {"uv": [15.5, 14, 16, 16], "texture": "#0"},
				"west": {"uv": [14, 14, 16, 16], "texture": "#0"},
				"up": {"uv": [15.5, 15, 16, 16], "texture": "#0"},
				"down": {"uv": [15.5, 15, 16, 16], "texture": "#0"}
			}
		}
	],
	"display": {
		"thirdperson_righthand": {
			"translation": [0, 8.75, -2.25],
			"scale": [1.75, 1.75, 1.75]
		},
		"thirdperson_lefthand": {
			"translation": [0, 8.75, -2.25],
			"scale": [1.75, 1.75, 1.75]
		},
		"firstperson_righthand": {
			"translation": [0, 8.25, -1.75],
			"scale": [1.25, 1.25, 1.25]
		},
		"firstperson_lefthand": {
			"translation": [0, 8.25, -1.75],
			"scale": [1.25, 1.25, 1.25]
		},
		"ground": {
			"rotation": [0, 0, -90],
			"translation": [5.75, -2.25, 4.75],
			"scale": [1.5, 1.5, 1.5]
		},
		"gui": {
			"rotation": [21, 118, 0],
			"translation": [2, 5, 0],
			"scale": [1.6, 1.6, 1.6]
		},
		"head": {
			"translation": [0, 0, -17.5],
			"scale": [0.5, 0.5, 2]
		},
		"fixed": {
			"rotation": [0, -88, 0],
			"translation": [-4.25, 6, 0],
			"scale": [1.5, 1.5, 1.5]
		}
	},
	"groups": [
		{
			"name": "part",
			"origin": [0, 0, 12],
			"color": 0,
			"children": [0, 1, 2, 3, 4, 5, 6, 7, 8]
		},
		{
			"name": "part",
			"origin": [0, 0, 12],
			"color": 0,
			"children": [9, 10, 11, 12, 13, 14]
		},
		{
			"name": "part",
			"origin": [0, 0, 12],
			"color": 0,
			"children": [15, 16, 17, 18, 19, 20]
		},
		21,
		22,
		23,
		24,
		{
			"name": "octagon",
			"origin": [8, 8, 8],
			"color": 0,
			"children": []
		},
		{
			"name": "octagon",
			"origin": [8, 8, 8],
			"color": 0,
			"children": [25, 26, 27, 28, 29, 30, 31, 32]
		},
		{
			"name": "octagon",
			"origin": [8, 8, 8],
			"color": 0,
			"children": [33, 34, 35, 36, 37, 38, 39, 40]
		},
		{
			"name": "octagon",
			"origin": [8, 8, 8],
			"color": 0,
			"children": [41, 42]
		},
		{
			"name": "octagon",
			"origin": [8, 8, 8],
			"color": 0,
			"children": [43, 44, 45, 46]
		},
		{
			"name": "octagon",
			"origin": [8, 8, 8],
			"color": 0,
			"children": [47, 48, 49, 50]
		},
		{
			"name": "octagon",
			"origin": [8, 8, 8],
			"color": 0,
			"children": [51, 52, 53, 54]
		},
		{
			"name": "octagon",
			"origin": [8, 9.7125, 3.375],
			"color": 0,
			"children": [55, 56, 57, 58]
		},
		{
			"name": "octagon",
			"origin": [8, 8, 8],
			"color": 0,
			"children": [59, 60, 61, 62]
		},
		{
			"name": "octagon",
			"origin": [8, 8, 8],
			"color": 0,
			"children": [63, 64, 65, 66]
		},
		{
			"name": "octagon",
			"origin": [8, 8, 8],
			"color": 0,
			"children": [67, 68, 69, 70]
		},
		71,
		72
	]
}