{
	"credit": "Made with Blockbench",
	"textures": {
		"0": "gun_ammo/fn_scar",
		"particle": "gun_ammo/fn_scar"
	},
	"elements": [
		{
			"from": [7, 4, 1],
			"to": [9, 7, 13],
			"rotation": {"angle": 0, "axis": "y", "origin": [7, 4, 11]},
			"faces": {
				"north": {"uv": [0, 0, 2, 3], "texture": "#0"},
				"east": {"uv": [0, 0, 12, 3], "texture": "#0"},
				"south": {"uv": [0, 0, 2, 3], "texture": "#0"},
				"west": {"uv": [0, 0, 12, 3], "texture": "#0"},
				"up": {"uv": [0, 3, 2, 15], "texture": "#0"},
				"down": {"uv": [0, 3, 2, 15], "texture": "#0"}
			}
		},
		{
			"from": [7.5, 6.9, 0],
			"to": [8.5, 7.4, 0.5],
			"rotation": {"angle": 0, "axis": "y", "origin": [7, 4.4, 11]},
			"faces": {
				"north": {"uv": [15, 15.25, 16, 15.75], "texture": "#0"},
				"east": {"uv": [15.5, 15.25, 16, 15.75], "texture": "#0"},
				"south": {"uv": [15, 15.25, 16, 15.75], "texture": "#0"},
				"west": {"uv": [15.5, 15.25, 16, 15.75], "texture": "#0"},
				"up": {"uv": [15, 15.5, 16, 16], "texture": "#0"},
				"down": {"uv": [15, 15.5, 16, 16], "texture": "#0"}
			}
		},
		{
			"from": [7.375, 7.5, 11.5],
			"to": [7.6875, 8.4375, 12.125],
			"rotation": {"angle": 0, "axis": "y", "origin": [5.8125, 3.75, 25.25]},
			"faces": {
				"north": {"uv": [15, 15.25, 15.25, 16], "texture": "#0"},
				"east": {"uv": [15.5, 15.25, 16, 16], "texture": "#0"},
				"south": {"uv": [15, 15.25, 15.25, 16], "texture": "#0"},
				"west": {"uv": [15.5, 15.25, 16, 16], "texture": "#0"},
				"up": {"uv": [15, 15.5, 15.25, 16], "texture": "#0"},
				"down": {"uv": [15, 15.5, 15.25, 16], "texture": "#0"}
			}
		},
		{
			"from": [8.3125, 7.5, 11.5],
			"to": [8.625, 8.4375, 12.125],
			"rotation": {"angle": 0, "axis": "y", "origin": [6.75, 3.75, 25.25]},
			"faces": {
				"north": {"uv": [15, 15.25, 15.25, 16], "texture": "#0"},
				"east": {"uv": [15.5, 15.25, 16, 16], "texture": "#0"},
				"south": {"uv": [15, 15.25, 15.25, 16], "texture": "#0"},
				"west": {"uv": [15.5, 15.25, 16, 16], "texture": "#0"},
				"up": {"uv": [15, 15.5, 15.25, 16], "texture": "#0"},
				"down": {"uv": [15, 15.5, 15.25, 16], "texture": "#0"}
			}
		},
		{
			"from": [7.275, 6.875, 11.5],
			"to": [8.725, 7.5, 12.125],
			"rotation": {"angle": 0, "axis": "y", "origin": [6.75, 3.75, 25.25]},
			"faces": {
				"north": {"uv": [15, 15.25, 16, 15.75], "texture": "#0"},
				"east": {"uv": [15.5, 15.25, 16, 15.75], "texture": "#0"},
				"south": {"uv": [15, 15.25, 16, 15.75], "texture": "#0"},
				"west": {"uv": [15.5, 15.25, 16, 15.75], "texture": "#0"},
				"up": {"uv": [15, 15.5, 16, 16], "texture": "#0"},
				"down": {"uv": [15, 15.5, 16, 16], "texture": "#0"}
			}
		},
		{
			"from": [8.25, 7.4, 0],
			"to": [8.5, 8.15, 0.5],
			"rotation": {"angle": 0, "axis": "y", "origin": [7, 4.4, 11]},
			"faces": {
				"north": {"uv": [15, 15.25, 15.25, 16], "texture": "#0"},
				"east": {"uv": [15.5, 15.25, 16, 16], "texture": "#0"},
				"south": {"uv": [15, 15.25, 15.25, 16], "texture": "#0"},
				"west": {"uv": [15.5, 15.25, 16, 16], "texture": "#0"},
				"up": {"uv": [15, 15.5, 15.25, 16], "texture": "#0"},
				"down": {"uv": [15, 15.5, 15.25, 16], "texture": "#0"}
			}
		},
		{
			"from": [7.5, 7.4, 0],
			"to": [7.75, 8.15, 0.5],
			"rotation": {"angle": 0, "axis": "y", "origin": [6.25, 4.4, 11]},
			"faces": {
				"north": {"uv": [15, 15.25, 15.25, 16], "texture": "#0"},
				"east": {"uv": [15.5, 15.25, 16, 16], "texture": "#0"},
				"south": {"uv": [15, 15.25, 15.25, 16], "texture": "#0"},
				"west": {"uv": [15.5, 15.25, 16, 16], "texture": "#0"},
				"up": {"uv": [15, 15.5, 15.25, 16], "texture": "#0"},
				"down": {"uv": [15, 15.5, 15.25, 16], "texture": "#0"}
			}
		},
		{
			"from": [7, 3.5, 1],
			"to": [9, 4, 6],
			"rotation": {"angle": 0, "axis": "y", "origin": [7, 4, 11]},
			"faces": {
				"north": {"uv": [14, 15.5, 16, 16], "texture": "#0"},
				"east": {"uv": [11, 15.5, 16, 16], "texture": "#0"},
				"south": {"uv": [14, 15.5, 16, 16], "texture": "#0"},
				"west": {"uv": [11, 15.5, 16, 16], "texture": "#0"},
				"up": {"uv": [14, 11, 16, 16], "texture": "#0"},
				"down": {"uv": [14, 11, 16, 16], "texture": "#0"}
			}
		},
		{
			"from": [7, 4.5, 13],
			"to": [9, 7, 22],
			"rotation": {"angle": 0, "axis": "y", "origin": [7, 4, 11]},
			"faces": {
				"north": {"uv": [0, 0, 2, 2.5], "texture": "#0"},
				"east": {"uv": [0, 0, 9, 2.5], "texture": "#0"},
				"south": {"uv": [0, 0, 2, 2.5], "texture": "#0"},
				"west": {"uv": [0, 0, 9, 2.5], "texture": "#0"},
				"up": {"uv": [0, 0, 2, 9], "texture": "#0"},
				"down": {"uv": [0, 0, 2, 9], "texture": "#0"}
			}
		},
		{
			"from": [7, 1.5, 23.5],
			"to": [9, 7, 24],
			"rotation": {"angle": 0, "axis": "y", "origin": [7, 4, 11]},
			"faces": {
				"north": {"uv": [14, 10.5, 16, 16], "texture": "#0"},
				"east": {"uv": [15.5, 10.5, 16, 16], "texture": "#0"},
				"south": {"uv": [14, 10.5, 16, 16], "texture": "#0"},
				"west": {"uv": [15.5, 10.5, 16, 16], "texture": "#0"},
				"up": {"uv": [14, 15.5, 16, 16], "texture": "#0"},
				"down": {"uv": [14, 15.5, 16, 16], "texture": "#0"}
			}
		},
		{
			"from": [7, 1.5, 22],
			"to": [9, 7, 23.5],
			"rotation": {"angle": 0, "axis": "y", "origin": [7, 4, 11]},
			"faces": {
				"north": {"uv": [0, 0, 2, 5.5], "texture": "#0"},
				"east": {"uv": [0, 0, 1.5, 5.5], "texture": "#0"},
				"south": {"uv": [0, 0, 2, 5.5], "texture": "#0"},
				"west": {"uv": [0, 0, 1.5, 5.5], "texture": "#0"},
				"up": {"uv": [0, 0, 2, 1.5], "texture": "#0"},
				"down": {"uv": [0, 0, 2, 1.5], "texture": "#0"}
			}
		},
		{
			"from": [7.01, 0.5, 11.5],
			"to": [9.01, 4.5, 13.5],
			"rotation": {"angle": -22.5, "axis": "x", "origin": [8, 3.5, 12.5]},
			"faces": {
				"north": {"uv": [9, 5, 11, 9], "texture": "#0"},
				"east": {"uv": [12, 5, 10, 9], "texture": "#0"},
				"south": {"uv": [11, 5, 13, 9], "texture": "#0"},
				"west": {"uv": [10, 5, 12, 9], "texture": "#0"},
				"up": {"uv": [10, 5, 12, 7], "texture": "#0"},
				"down": {"uv": [10, 9, 12, 11], "texture": "#0"}
			}
		},
		{
			"from": [7, 3, 6],
			"to": [9, 4, 9],
			"rotation": {"angle": 0, "axis": "y", "origin": [7, 4, 11]},
			"faces": {
				"north": {"uv": [0, 0, 2, 1], "texture": "#0"},
				"east": {"uv": [0, 0, 3, 1], "texture": "#0"},
				"south": {"uv": [0, 0, 2, 1], "texture": "#0"},
				"west": {"uv": [0, 0, 3, 1], "texture": "#0"},
				"up": {"uv": [0, 0, 2, 3], "texture": "#0"},
				"down": {"uv": [0, 0, 2, 3], "texture": "#0"}
			}
		},
		{
			"from": [7.25, 0, 6.25],
			"to": [8.75, 3, 8.75],
			"rotation": {"angle": 0, "axis": "y", "origin": [7, 4, 11]},
			"faces": {
				"north": {"uv": [15, 0, 16, 3], "texture": "#0"},
				"east": {"uv": [13.25, 0, 15.75, 3], "texture": "#0"},
				"south": {"uv": [15, 0, 16, 3], "texture": "#0"},
				"west": {"uv": [13.25, 0, 15.75, 3], "texture": "#0"},
				"up": {"uv": [14.5, 0, 16, 2.5], "texture": "#0"},
				"down": {"uv": [15, 0, 16, 2.5], "texture": "#0"}
			}
		},
		{
			"name": "octagon",
			"from": [7.71005, 4.3, -1],
			"to": [8.28995, 5.7, 1],
			"rotation": {"angle": 45, "axis": "z", "origin": [8, 5, 0]},
			"faces": {
				"north": {"uv": [15, 15, 16, 16], "texture": "#0"},
				"east": {"uv": [14, 15, 15, 16], "texture": "#0"},
				"south": {"uv": [15, 15, 16, 16], "texture": "#0"},
				"west": {"uv": [14, 15, 15, 16], "texture": "#0"},
				"up": {"uv": [15, 14, 16, 16], "texture": "#0"},
				"down": {"uv": [15, 14, 16, 16], "texture": "#0"}
			}
		},
		{
			"name": "octagon",
			"from": [7.71005, 4.3, -1],
			"to": [8.28995, 5.7, 1],
			"rotation": {"angle": 0, "axis": "y", "origin": [8, 5, 0]},
			"faces": {
				"north": {"uv": [15, 15, 16, 16], "texture": "#0"},
				"east": {"uv": [14, 15, 15, 16], "texture": "#0"},
				"south": {"uv": [15, 15, 16, 16], "texture": "#0"},
				"west": {"uv": [14, 15, 15, 16], "texture": "#0"},
				"up": {"uv": [15, 14, 16, 16], "texture": "#0"},
				"down": {"uv": [15, 14, 16, 16], "texture": "#0"}
			}
		},
		{
			"name": "octagon",
			"from": [7.3, 4.71005, -1],
			"to": [8.7, 5.28995, 1],
			"rotation": {"angle": 45, "axis": "z", "origin": [8, 5, 0]},
			"faces": {
				"north": {"uv": [15, 15, 16, 16], "texture": "#0"},
				"east": {"uv": [14, 15, 16, 16], "texture": "#0"},
				"south": {"uv": [15, 15, 16, 16], "texture": "#0"},
				"west": {"uv": [14, 15, 16, 16], "texture": "#0"},
				"up": {"uv": [15, 14, 16, 15], "texture": "#0"},
				"down": {"uv": [15, 14, 16, 15], "texture": "#0"}
			}
		},
		{
			"name": "octagon",
			"from": [7.3, 4.71005, -1],
			"to": [8.7, 5.28995, 1],
			"rotation": {"angle": 0, "axis": "y", "origin": [8, 5, 0]},
			"faces": {
				"north": {"uv": [15, 15, 16, 16], "texture": "#0"},
				"east": {"uv": [14, 15, 16, 16], "texture": "#0"},
				"south": {"uv": [15, 15, 16, 16], "texture": "#0"},
				"west": {"uv": [14, 15, 16, 16], "texture": "#0"},
				"up": {"uv": [15, 14, 16, 15], "texture": "#0"},
				"down": {"uv": [15, 14, 16, 15], "texture": "#0"}
			}
		},
		{
			"name": "octagon",
			"from": [7.3, 5.96005, -1],
			"to": [7.75, 6.53995, 1],
			"rotation": {"angle": 45, "axis": "z", "origin": [8, 6.25, 0]},
			"faces": {
				"north": {"uv": [15, 15, 16, 16], "texture": "#0"},
				"east": {"uv": [14, 15, 15, 16], "texture": "#0"},
				"south": {"uv": [15, 15, 16, 16], "texture": "#0"},
				"west": {"uv": [14, 15, 15, 16], "texture": "#0"},
				"up": {"uv": [15, 14, 16, 15], "texture": "#0"},
				"down": {"uv": [15, 14, 16, 15], "texture": "#0"}
			}
		},
		{
			"name": "octagon",
			"from": [7.3, 5.96005, -1],
			"to": [7.75, 6.53995, 1],
			"rotation": {"angle": 0, "axis": "y", "origin": [8, 6.25, 0]},
			"faces": {
				"north": {"uv": [15, 15, 16, 16], "texture": "#0"},
				"east": {"uv": [14, 15, 15, 16], "texture": "#0"},
				"south": {"uv": [15, 15, 16, 16], "texture": "#0"},
				"west": {"uv": [14, 15, 15, 16], "texture": "#0"},
				"up": {"uv": [15, 14, 16, 15], "texture": "#0"},
				"down": {"uv": [15, 14, 16, 15], "texture": "#0"}
			}
		},
		{
			"name": "octagon",
			"from": [8.25, 5.96005, -1],
			"to": [8.7, 6.53995, 1],
			"rotation": {"angle": 45, "axis": "z", "origin": [8, 6.25, 0]},
			"faces": {
				"north": {"uv": [15, 15, 16, 16], "texture": "#0"},
				"east": {"uv": [14, 15, 15, 16], "texture": "#0"},
				"south": {"uv": [15, 15, 16, 16], "texture": "#0"},
				"west": {"uv": [14, 15, 15, 16], "texture": "#0"},
				"up": {"uv": [15, 14, 16, 15], "texture": "#0"},
				"down": {"uv": [15, 14, 16, 15], "texture": "#0"}
			}
		},
		{
			"name": "octagon",
			"from": [8.25, 5.96005, -1],
			"to": [8.7, 6.53995, 1],
			"rotation": {"angle": 0, "axis": "y", "origin": [8, 6.25, 0]},
			"faces": {
				"north": {"uv": [15, 15, 16, 16], "texture": "#0"},
				"east": {"uv": [14, 15, 15, 16], "texture": "#0"},
				"south": {"uv": [15, 15, 16, 16], "texture": "#0"},
				"west": {"uv": [14, 15, 15, 16], "texture": "#0"},
				"up": {"uv": [15, 14, 16, 15], "texture": "#0"},
				"down": {"uv": [15, 14, 16, 15], "texture": "#0"}
			}
		},
		{
			"name": "octagon",
			"from": [7.71005, 4.3, -8],
			"to": [8.28995, 4.75, -6],
			"rotation": {"angle": 45, "axis": "z", "origin": [8, 5, 0]},
			"faces": {
				"north": {"uv": [15, 15, 16, 16], "texture": "#0"},
				"east": {"uv": [14, 15, 15, 16], "texture": "#0"},
				"south": {"uv": [15, 15, 16, 16], "texture": "#0"},
				"west": {"uv": [14, 15, 15, 16], "texture": "#0"},
				"up": {"uv": [15, 14, 16, 15], "texture": "#0"},
				"down": {"uv": [15, 14, 16, 15], "texture": "#0"}
			}
		},
		{
			"name": "octagon",
			"from": [7.71005, 4.3, -8],
			"to": [8.28995, 4.75, -6],
			"rotation": {"angle": 0, "axis": "z", "origin": [8, 5, 0]},
			"faces": {
				"north": {"uv": [15, 15, 16, 16], "texture": "#0"},
				"east": {"uv": [14, 15, 15, 16], "texture": "#0"},
				"south": {"uv": [15, 15, 16, 16], "texture": "#0"},
				"west": {"uv": [14, 15, 15, 16], "texture": "#0"},
				"up": {"uv": [15, 14, 16, 15], "texture": "#0"},
				"down": {"uv": [15, 14, 16, 16], "texture": "#0"}
			}
		},
		{
			"name": "octagon",
			"from": [7.71005, 5.25, -8],
			"to": [8.28995, 5.7, -6],
			"rotation": {"angle": 45, "axis": "z", "origin": [8, 5, 0]},
			"faces": {
				"north": {"uv": [15, 15, 16, 16], "texture": "#0"},
				"east": {"uv": [14, 15, 15, 16], "texture": "#0"},
				"south": {"uv": [15, 15, 16, 16], "texture": "#0"},
				"west": {"uv": [14, 15, 15, 16], "texture": "#0"},
				"up": {"uv": [15, 14, 16, 16], "texture": "#0"},
				"down": {"uv": [15, 14, 16, 15], "texture": "#0"}
			}
		},
		{
			"name": "octagon",
			"from": [7.71005, 5.25, -8],
			"to": [8.28995, 5.7, -6],
			"rotation": {"angle": 0, "axis": "z", "origin": [8, 5, 0]},
			"faces": {
				"north": {"uv": [15, 15, 16, 16], "texture": "#0"},
				"east": {"uv": [14, 15, 15, 16], "texture": "#0"},
				"south": {"uv": [15, 15, 16, 16], "texture": "#0"},
				"west": {"uv": [14, 15, 15, 16], "texture": "#0"},
				"up": {"uv": [15, 14, 16, 16], "texture": "#0"},
				"down": {"uv": [15, 14, 16, 15], "texture": "#0"}
			}
		},
		{
			"name": "octagon",
			"from": [7.3, 4.71005, -8],
			"to": [7.75, 5.28995, -6],
			"rotation": {"angle": 45, "axis": "z", "origin": [8, 5, 0]},
			"faces": {
				"north": {"uv": [15, 15, 16, 16], "texture": "#0"},
				"east": {"uv": [14, 15, 15, 16], "texture": "#0"},
				"south": {"uv": [15, 15, 16, 16], "texture": "#0"},
				"west": {"uv": [14, 15, 16, 16], "texture": "#0"},
				"up": {"uv": [15, 14, 16, 15], "texture": "#0"},
				"down": {"uv": [15, 14, 16, 15], "texture": "#0"}
			}
		},
		{
			"name": "octagon",
			"from": [7.3, 4.71005, -8],
			"to": [7.75, 5.28995, -6],
			"rotation": {"angle": 0, "axis": "z", "origin": [8, 5, 0]},
			"faces": {
				"north": {"uv": [15, 15, 16, 16], "texture": "#0"},
				"east": {"uv": [14, 15, 15, 16], "texture": "#0"},
				"south": {"uv": [15, 15, 16, 16], "texture": "#0"},
				"west": {"uv": [14, 15, 16, 16], "texture": "#0"},
				"up": {"uv": [15, 14, 16, 15], "texture": "#0"},
				"down": {"uv": [15, 14, 16, 15], "texture": "#0"}
			}
		},
		{
			"name": "octagon",
			"from": [8.25, 4.71005, -8],
			"to": [8.7, 5.28995, -6],
			"rotation": {"angle": 45, "axis": "z", "origin": [8, 5, 0]},
			"faces": {
				"north": {"uv": [15, 15, 16, 16], "texture": "#0"},
				"east": {"uv": [14, 15, 16, 16], "texture": "#0"},
				"south": {"uv": [15, 15, 16, 16], "texture": "#0"},
				"west": {"uv": [14, 15, 15, 16], "texture": "#0"},
				"up": {"uv": [15, 14, 16, 15], "texture": "#0"},
				"down": {"uv": [15, 14, 16, 15], "texture": "#0"}
			}
		},
		{
			"name": "octagon",
			"from": [8.25, 4.71005, -8],
			"to": [8.7, 5.28995, -6],
			"rotation": {"angle": 0, "axis": "z", "origin": [8, 5, 0]},
			"faces": {
				"north": {"uv": [15, 15, 16, 16], "texture": "#0"},
				"east": {"uv": [14, 15, 16, 16], "texture": "#0"},
				"south": {"uv": [15, 15, 16, 16], "texture": "#0"},
				"west": {"uv": [14, 15, 15, 16], "texture": "#0"},
				"up": {"uv": [15, 14, 16, 15], "texture": "#0"},
				"down": {"uv": [15, 14, 16, 15], "texture": "#0"}
			}
		},
		{
			"name": "octagon",
			"from": [7.71005, 5.55, -1],
			"to": [8.28995, 6.95, 1],
			"rotation": {"angle": 45, "axis": "z", "origin": [8, 6.25, 0]},
			"faces": {
				"north": {"uv": [15, 15, 16, 16], "texture": "#0"},
				"east": {"uv": [14, 15, 15, 16], "texture": "#0"},
				"south": {"uv": [15, 15, 16, 16], "texture": "#0"},
				"west": {"uv": [14, 15, 15, 16], "texture": "#0"},
				"up": {"uv": [15, 14, 16, 16], "texture": "#0"},
				"down": {"uv": [15, 14, 16, 16], "texture": "#0"}
			}
		},
		{
			"name": "octagon",
			"from": [7.71005, 5.55, -1],
			"to": [8.28995, 6.95, 1],
			"rotation": {"angle": 0, "axis": "z", "origin": [8, 6.25, 0]},
			"faces": {
				"north": {"uv": [15, 15, 16, 16], "texture": "#0"},
				"east": {"uv": [14, 15, 15, 16], "texture": "#0"},
				"south": {"uv": [15, 15, 16, 16], "texture": "#0"},
				"west": {"uv": [14, 15, 15, 16], "texture": "#0"},
				"up": {"uv": [15, 14, 16, 16], "texture": "#0"},
				"down": {"uv": [15, 14, 16, 16], "texture": "#0"}
			}
		},
		{
			"name": "octagon",
			"from": [7.3, 5.96005, -1],
			"to": [8.7, 6.53995, 1],
			"rotation": {"angle": 45, "axis": "z", "origin": [8, 6.25, 0]},
			"faces": {
				"north": {"uv": [15, 15, 16, 16], "texture": "#0"},
				"east": {"uv": [14, 15, 16, 16], "texture": "#0"},
				"south": {"uv": [15, 15, 16, 16], "texture": "#0"},
				"west": {"uv": [14, 15, 16, 16], "texture": "#0"},
				"up": {"uv": [15, 14, 16, 15], "texture": "#0"},
				"down": {"uv": [15, 14, 16, 15], "texture": "#0"}
			}
		},
		{
			"name": "octagon",
			"from": [7.3, 5.96005, -1],
			"to": [8.7, 6.53995, 1],
			"rotation": {"angle": 0, "axis": "z", "origin": [8, 6.25, 0]},
			"faces": {
				"north": {"uv": [15, 15, 16, 16], "texture": "#0"},
				"east": {"uv": [14, 15, 16, 16], "texture": "#0"},
				"south": {"uv": [15, 15, 16, 16], "texture": "#0"},
				"west": {"uv": [14, 15, 16, 16], "texture": "#0"},
				"up": {"uv": [15, 14, 16, 15], "texture": "#0"},
				"down": {"uv": [15, 14, 16, 15], "texture": "#0"}
			}
		},
		{
			"name": "octagon",
			"from": [7.75147, 4.4, -6],
			"to": [8.24853, 5.6, -1],
			"rotation": {"angle": 45, "axis": "z", "origin": [8, 5, -2]},
			"faces": {
				"north": {"uv": [15, 15, 16, 16], "texture": "#0"},
				"east": {"uv": [11, 15, 12, 16], "texture": "#0"},
				"south": {"uv": [15, 15, 16, 16], "texture": "#0"},
				"west": {"uv": [11, 15, 12, 16], "texture": "#0"},
				"up": {"uv": [15, 11, 16, 16], "texture": "#0"},
				"down": {"uv": [15, 11, 16, 16], "texture": "#0"}
			}
		},
		{
			"name": "octagon",
			"from": [7.75147, 4.4, -6],
			"to": [8.24853, 5.6, -1],
			"rotation": {"angle": 0, "axis": "z", "origin": [8, 5, -2]},
			"faces": {
				"north": {"uv": [15, 15, 16, 16], "texture": "#0"},
				"east": {"uv": [11, 15, 12, 16], "texture": "#0"},
				"south": {"uv": [15, 15, 16, 16], "texture": "#0"},
				"west": {"uv": [11, 15, 12, 16], "texture": "#0"},
				"up": {"uv": [15, 11, 16, 16], "texture": "#0"},
				"down": {"uv": [15, 11, 16, 16], "texture": "#0"}
			}
		},
		{
			"name": "octagon",
			"from": [7.4, 4.75147, -6],
			"to": [8.6, 5.24853, -1],
			"rotation": {"angle": 45, "axis": "z", "origin": [8, 5, -2]},
			"faces": {
				"north": {"uv": [15, 15, 16, 16], "texture": "#0"},
				"east": {"uv": [11, 15, 16, 16], "texture": "#0"},
				"south": {"uv": [15, 15, 16, 16], "texture": "#0"},
				"west": {"uv": [11, 15, 16, 16], "texture": "#0"},
				"up": {"uv": [15, 11, 16, 12], "texture": "#0"},
				"down": {"uv": [15, 11, 16, 12], "texture": "#0"}
			}
		},
		{
			"name": "octagon",
			"from": [7.4, 4.75147, -6],
			"to": [8.6, 5.24853, -1],
			"rotation": {"angle": 0, "axis": "z", "origin": [8, 5, -2]},
			"faces": {
				"north": {"uv": [15, 15, 16, 16], "texture": "#0"},
				"east": {"uv": [11, 15, 16, 16], "texture": "#0"},
				"south": {"uv": [15, 15, 16, 16], "texture": "#0"},
				"west": {"uv": [11, 15, 16, 16], "texture": "#0"},
				"up": {"uv": [15, 11, 16, 12], "texture": "#0"},
				"down": {"uv": [15, 11, 16, 12], "texture": "#0"}
			}
		}
	],
	"display": {
		"thirdperson_righthand": {
			"translation": [0, 4, -1.5]
		},
		"thirdperson_lefthand": {
			"translation": [0, 4, -1.5]
		},
		"firstperson_righthand": {
			"translation": [0, 4.75, 1.25]
		},
		"firstperson_lefthand": {
			"translation": [0, 4.75, 1.25]
		},
		"ground": {
			"rotation": [0, 0, -90],
			"translation": [4, -2.5, -3]
		},
		"gui": {
			"rotation": [21, 122, 0],
			"translation": [-3.25, 2.5, 0],
			"scale": [1.25, 1.25, 1.25]
		},
		"head": {
			"translation": [0, 1.25, 24]
		},
		"fixed": {
			"rotation": [0, -90, 0],
			"translation": [4.25, 3.75, 0],
			"scale": [1.25, 1.25, 1.25]
		}
	},
	"groups": [
		0,
		1,
		2,
		3,
		4,
		5,
		6,
		7,
		8,
		9,
		10,
		11,
		12,
		13,
		{
			"name": "octagon",
			"origin": [8, 8, 8],
			"color": 0,
			"children": [14, 15, 16, 17]
		},
		{
			"name": "octagon",
			"origin": [8, 8, 8],
			"color": 0,
			"children": [18, 19, 20, 21]
		},
		{
			"name": "octagon",
			"origin": [8, 8, 8],
			"color": 0,
			"children": [22, 23, 24, 25, 26, 27, 28, 29]
		},
		{
			"name": "octagon",
			"origin": [8, 8, 8],
			"color": 0,
			"children": [30, 31, 32, 33]
		},
		{
			"name": "octagon",
			"origin": [8, 8, 8],
			"color": 0,
			"children": [34, 35, 36, 37]
		}
	]
}